GymChain,ClubID,GymName,Address,CountyName,LocationScope,PlanName,PlanTerm,PriceType,DuesAmount,DuesFrequency,MonthlyEquivalent,InitiationFee,AnnualFee,EffectiveMonthlyCost,PromotionalDuesAmount,PromotionStatus,OfferExpiration,Status,SourceType,SourceURL,LocationURL,RetrievedAtUTC,Notes
LA Fitness,399,Altamonte Springs @ Montgomery,"1074 Montgomery Road, Altamonte Springs, FL 32714",Seminole County,Official Florida club,Basic,,Standard advertised dues,29.99,Monthly,29.99,0.0,69.0,35.74,,,,Observed,Official LA Fitness membership signup flow,https://www.lafitness.com/Pages/MembershipSignUpRate.aspx?id=GpqxoJhivIhrWqTphssntA%3d%3d,,2026-09-01T01:55:20.031707+00:00,Access: Club of Enrollment
LA Fitness,399,Altamonte Springs @ Montgomery,"1074 Montgomery Road, Altamonte Springs, FL 32714",Seminole County,Official Florida club,Classic,,Standard advertised dues,79.0,Monthly,79.0,199.0,69.0,101.33,,,,Observed,Official LA Fitness membership signup flow,https://www.lafitness.com/Pages/MembershipSignUpRate.aspx?id=GpqxoJhivIhrWqTphssntA%3d%3d,,2026-09-01T01:55:20.031707+00:00,Access: Multi Club; State of Enrollment
LA Fitness,399,Altamonte Springs @ Montgomery,"1074 Montgomery Road, Altamonte Springs, FL 32714",Seminole County,Official Florida club,Classic,,Standard advertised dues,29.99,Monthly,29.99,99.0,69.0,43.99,,,,Observed,Official LA Fitness membership signup flow,https://www.lafitness.com/Pages/MembershipSignUpRate.aspx?id=GpqxoJhivIhrWqTphssntA%3d%3d,,2026-09-01T01:55:20.031707+00:00,Access: State of Enrollment; Nationwide Access
LA Fitness,692,Atlantic Beach,"985 Atlantic Blvd, Atlantic Beach, FL 32233",Duval County,Official Florida club,Basic,,Standard advertised dues,29.99,Monthly,29.99,0.0,69.0,35.74,,,,Observed,Official LA Fitness membership signup flow,https://www.lafitness.com/Pages/MembershipSignUpRate.aspx?id=ytoK1vSYgUldlp3sMdQX3A%3d%3d,,2026-09-01T01:55:20.031707+00:00,Access: Club of Enrollment
LA Fitness,692,Atlantic Beach,"985 Atlantic Blvd, Atlantic Beach, FL 32233",Duval County,Official Florida club,Classic,,Standard advertised dues,29.99,Monthly,29.99,99.0,69.0,43.99,,,,Observed,Official LA Fitness membership signup flow,https://www.lafitness.com/Pages/MembershipSignUpRate.aspx?id=ytoK1vSYgUldlp3sMdQX3A%3d%3d,,2026-09-01T01:55:20.031707+00:00,Access: Nationwide Access
LA Fitness,692,Atlantic Beach,"985 Atlantic Blvd, Atlantic Beach, FL 32233",Duval County,Official Florida club,Classic,,Standard advertised dues,39.99,Monthly,39.99,0.0,69.0,45.74,,,,Observed,Official LA Fitness membership signup flow,https://www.lafitness.com/Pages/MembershipSignUpRate.aspx?id=ytoK1vSYgUldlp3sMdQX3A%3d%3d,,2026-09-01T01:55:20.031707+00:00,Access: Nationwide Access
LA Fitness,150,Boca Raton West - State Rd,"20443 State Rd 7 (Bay BB1), Boca Raton, FL 33498",Palm Beach County,Official Florida club,Basic,,Standard advertised dues,29.99,Monthly,29.99,0.0,69.0,35.74,,,,Observed,Official LA Fitness membership signup flow,https://www.lafitness.com/Pages/MembershipSignUpRate.aspx?id=vjxjKcUTm3osOFzPgC9DHA%3d%3d,,2026-09-01T01:55:20.031707+00:00,Access: Club of Enrollment
LA Fitness,150,Boca Raton West - State Rd,"20443 State Rd 7 (Bay BB1), Boca Raton, FL 33498",Palm Beach County,Official Florida club,Classic,,Standard advertised dues,79.0,Monthly,79.0,199.0,69.0,101.33,,,,Observed,Official LA Fitness membership signup flow,https://www.lafitness.com/Pages/MembershipSignUpRate.aspx?id=vjxjKcUTm3osOFzPgC9DHA%3d%3d,,2026-09-01T01:55:20.031707+00:00,Access: Multi Club; State of Enrollment
LA Fitness,150,Boca Raton West - State Rd,"20443 State Rd 7 (Bay BB1), Boca Raton, FL 33498",Palm Beach County,Official Florida club,Classic,,Standard advertised dues,29.99,Monthly,29.99,99.0,69.0,43.99,,,,Observed,Official LA Fitness membership signup flow,https://www.lafitness.com/Pages/MembershipSignUpRate.aspx?id=vjxjKcUTm3osOFzPgC9DHA%3d%3d,,2026-09-01T01:55:20.031707+00:00,Access: State of Enrollment; Nationwide Access
LA Fitness,356,Boca Raton East-Technology Way,"4950 Technology Way, Boca Raton, FL 33431",Palm Beach County,Official Florida club,Basic,,Standard advertised dues,29.99,Monthly,29.99,0.0,69.0,35.74,,,,Observed,Official LA Fitness membership signup flow,https://www.lafitness.com/Pages/MembershipSignUpRate.aspx?id=LTcTaarSHd6pUup3KTOIHw%3d%3d,,2026-09-01T01:55:20.031707+00:00,Access: Club of Enrollment
LA Fitness,356,Boca Raton East-Technology Way,"4950 Technology Way, Boca Raton, FL 33431",Palm Beach County,Official Florida club,Classic,,Standard advertised dues,29.99,Monthly,29.99,99.0,69.0,43.99,,,,Observed,Official LA Fitness membership signup flow,https://www.lafitness.com/Pages/MembershipSignUpRate.aspx?id=LTcTaarSHd6pUup3KTOIHw%3d%3d,,2026-09-01T01:55:20.031707+00:00,Access: Nationwide Access
LA Fitness,356,Boca Raton East-Technology Way,"4950 Technology Way, Boca Raton, FL 33431",Palm Beach County,Official Florida club,Classic,,Standard advertised dues,39.99,Monthly,39.99,0.0,69.0,45.74,,,,Observed,Official LA Fitness membership signup flow,https://www.lafitness.com/Pages/MembershipSignUpRate.aspx?id=LTcTaarSHd6pUup3KTOIHw%3d%3d,,2026-09-01T01:55:20.031707+00:00,Access: Nationwide Access
LA Fitness,255,Boynton Beach,"2290 N. Congress Avenue, Boynton Beach, FL 33426",Palm Beach County,Official Florida club,Basic,,Standard advertised dues,29.99,Monthly,29.99,0.0,69.0,35.74,,,,Observed,Official LA Fitness membership signup flow,https://www.lafitness.com/Pages/MembershipSignUpRate.aspx?id=OCAxOhjGgrrjsxR0xY3h5w%3d%3d,,2026-09-01T01:55:20.031707+00:00,Access: Club of Enrollment
LA Fitness,255,Boynton Beach,"2290 N. Congress Avenue, Boynton Beach, FL 33426",Palm Beach County,Official Florida club,Classic,,Standard advertised dues,29.99,Monthly,29.99,99.0,69.0,43.99,,,,Observed,Official LA Fitness membership signup flow,https://www.lafitness.com/Pages/MembershipSignUpRate.aspx?id=OCAxOhjGgrrjsxR0xY3h5w%3d%3d,,2026-09-01T01:55:20.031707+00:00,Access: Nationwide Access
LA Fitness,255,Boynton Beach,"2290 N. Congress Avenue, Boynton Beach, FL 33426",Palm Beach County,Official Florida club,Classic,,Standard advertised dues,39.99,Monthly,39.99,0.0,69.0,45.74,,,,Observed,Official LA Fitness membership signup flow,https://www.lafitness.com/Pages/MembershipSignUpRate.aspx?id=OCAxOhjGgrrjsxR0xY3h5w%3d%3d,,2026-09-01T01:55:20.031707+00:00,Access: Nationwide Access
LA Fitness,1295,W Boynton Beach Blvd (Signature),"6683 Boynton Beach Blvd, Boynton Beach, FL 33437",Palm Beach County,Official Florida club,Basic,,Standard advertised dues,29.99,Monthly,29.99,0.0,69.0,35.74,,,,Observed,Official LA Fitness membership signup flow,https://www.lafitness.com/Pages/MembershipSignUpRate.aspx?id=LTmMj2k%2fKk%2fYRJgrq0kF2Q%3d%3d,,2026-09-01T01:55:20.031707+00:00,Access: Club of Enrollment
LA Fitness,1295,W Boynton Beach Blvd (Signature),"6683 Boynton Beach Blvd, Boynton Beach, FL 33437",Palm Beach County,Official Florida club,Classic,,Standard advertised dues,79.0,Monthly,79.0,199.0,69.0,101.33,,,,Observed,Official LA Fitness membership signup flow,https://www.lafitness.com/Pages/MembershipSignUpRate.aspx?id=LTmMj2k%2fKk%2fYRJgrq0kF2Q%3d%3d,,2026-09-01T01:55:20.031707+00:00,Access: Multi Club; State of Enrollment
LA Fitness,1295,W Boynton Beach Blvd (Signature),"6683 Boynton Beach Blvd, Boynton Beach, FL 33437",Palm Beach County,Official Florida club,Classic,,Standard advertised dues,29.99,Monthly,29.99,99.0,69.0,43.99,,,,Observed,Official LA Fitness membership signup flow,https://www.lafitness.com/Pages/MembershipSignUpRate.aspx?id=LTmMj2k%2fKk%2fYRJgrq0kF2Q%3d%3d,,2026-09-01T01:55:20.031707+00:00,Access: State of Enrollment; Nationwide Access
LA Fitness,372,Brandon,"2890 Providence Lakes Blvd, Brandon, FL 33511",Hillsborough County,Official Florida club,Basic,,Standard advertised dues,79.0,Monthly,79.0,199.0,69.0,101.33,,,,Observed,Official LA Fitness membership signup flow,https://www.lafitness.com/Pages/MembershipSignUpRate.aspx?id=qD4SgFG7dwHib%2fEJ1vo8Zg%3d%3d,,2026-09-01T01:55:20.031707+00:00,Access: Multi Club; State of Enrollment
LA Fitness,372,Brandon,"2890 Providence Lakes Blvd, Brandon, FL 33511",Hillsborough County,Official Florida club,Classic,,Standard advertised dues,29.99,Monthly,29.99,99.0,69.0,43.99,,,,Observed,Official LA Fitness membership signup flow,https://www.lafitness.com/Pages/MembershipSignUpRate.aspx?id=qD4SgFG7dwHib%2fEJ1vo8Zg%3d%3d,,2026-09-01T01:55:20.031707+00:00,Access: Nationwide Access
LA Fitness,372,Brandon,"2890 Providence Lakes Blvd, Brandon, FL 33511",Hillsborough County,Official Florida club,Classic,,Standard advertised dues,0.0,Monthly,0.0,0.0,0.0,0.0,,,,Observed,Official LA Fitness membership signup flow,https://www.lafitness.com/Pages/MembershipSignUpRate.aspx?id=qD4SgFG7dwHib%2fEJ1vo8Zg%3d%3d,,2026-09-01T01:55:20.031707+00:00,Access: State of Enrollment
LA Fitness,409,Cape Coral,"2301 Del Prado Blvd., Cape Coral, FL 33990",Lee County,Official Florida club,Basic,,Standard advertised dues,29.99,Monthly,29.99,99.0,69.0,43.99,,,,Observed,Official LA Fitness membership signup flow,https://www.lafitness.com/Pages/MembershipSignUpRate.aspx?id=X%2f23iyyASmk96w3tAsTNfA%3d%3d,,2026-09-01T01:55:20.031707+00:00,Access: Nationwide Access
LA Fitness,409,Cape Coral,"2301 Del Prado Blvd., Cape Coral, FL 33990",Lee County,Official Florida club,Classic,,Standard advertised dues,39.99,Monthly,39.99,0.0,69.0,45.74,,,,Observed,Official LA Fitness membership signup flow,https://www.lafitness.com/Pages/MembershipSignUpRate.aspx?id=X%2f23iyyASmk96w3tAsTNfA%3d%3d,,2026-09-01T01:55:20.031707+00:00,Access: Nationwide Access
LA Fitness,409,Cape Coral,"2301 Del Prado Blvd., Cape Coral, FL 33990",Lee County,Official Florida club,Classic,,Standard advertised dues,0.0,Monthly,0.0,0.0,0.0,0.0,,,,Observed,Official LA Fitness membership signup flow,https://www.lafitness.com/Pages/MembershipSignUpRate.aspx?id=X%2f23iyyASmk96w3tAsTNfA%3d%3d,,2026-09-01T01:55:20.031707+00:00,Access:
LA Fitness,1258,Clearwater - Gulf TO Bay Blvd,"2134 Gulf TO Bay Blvd, Clearwater, FL 33765",Pinellas County,Official Florida club,Basic,,Standard advertised dues,29.99,Monthly,29.99,99.0,69.0,43.99,,,,Observed,Official LA Fitness membership signup flow,https://www.lafitness.com/Pages/MembershipSignUpRate.aspx?id=qvmwjGr%2bwY%2bWpw9w8mV%2fAg%3d%3d,,2026-09-01T01:55:20.031707+00:00,Access: Nationwide Access
LA Fitness,1258,Clearwater - Gulf TO Bay Blvd,"2134 Gulf TO Bay Blvd, Clearwater, FL 33765",Pinellas County,Official Florida club,Classic,,Standard advertised dues,39.99,Monthly,39.99,0.0,69.0,45.74,,,,Observed,Official LA Fitness membership signup flow,https://www.lafitness.com/Pages/MembershipSignUpRate.aspx?id=qvmwjGr%2bwY%2bWpw9w8mV%2fAg%3d%3d,,2026-09-01T01:55:20.031707+00:00,Access: Nationwide Access
LA Fitness,1258,Clearwater - Gulf TO Bay Blvd,"2134 Gulf TO Bay Blvd, Clearwater, FL 33765",Pinellas County,Official Florida club,Classic,,Standard advertised dues,0.0,Monthly,0.0,0.0,0.0,0.0,,,,Observed,Official LA Fitness membership signup flow,https://www.lafitness.com/Pages/MembershipSignUpRate.aspx?id=qvmwjGr%2bwY%2bWpw9w8mV%2fAg%3d%3d,,2026-09-01T01:55:20.031707+00:00,Access:
LA Fitness,1105,Largo E Bay Drive,"5320 East Bay Drive, Clearwater, FL 33764",Pinellas County,Official Florida club,Basic,,Standard advertised dues,29.99,Monthly,29.99,99.0,69.0,43.99,,,,Observed,Official LA Fitness membership signup flow,https://www.lafitness.com/Pages/MembershipSignUpRate.aspx?id=sOIT9ixt2XVBy9xB5Ujuig%3d%3d,,2026-09-01T01:55:20.031707+00:00,Access: Nationwide Access
LA Fitness,1105,Largo E Bay Drive,"5320 East Bay Drive, Clearwater, FL 33764",Pinellas County,Official Florida club,Classic,,Standard advertised dues,39.99,Monthly,39.99,0.0,69.0,45.74,,,,Observed,Official LA Fitness membership signup flow,https://www.lafitness.com/Pages/MembershipSignUpRate.aspx?id=sOIT9ixt2XVBy9xB5Ujuig%3d%3d,,2026-09-01T01:55:20.031707+00:00,Access: Nationwide Access
LA Fitness,1105,Largo E Bay Drive,"5320 East Bay Drive, Clearwater, FL 33764",Pinellas County,Official Florida club,Classic,,Standard advertised dues,0.0,Monthly,0.0,0.0,0.0,0.0,,,,Observed,Official LA Fitness membership signup flow,https://www.lafitness.com/Pages/MembershipSignUpRate.aspx?id=sOIT9ixt2XVBy9xB5Ujuig%3d%3d,,2026-09-01T01:55:20.031707+00:00,Access:
LA Fitness,256,Coconut Creek,"5501 Lyons Road, Coconut Creek, FL 33073",Broward County,Official Florida club,Basic,,Standard advertised dues,29.99,Monthly,29.99,0.0,69.0,35.74,,,,Observed,Official LA Fitness membership signup flow,https://www.lafitness.com/Pages/MembershipSignUpRate.aspx?id=1rlzNfUy%2bYXUzmCGjAD3BQ%3d%3d,,2026-09-01T01:55:20.031707+00:00,Access: Club of Enrollment
LA Fitness,256,Coconut Creek,"5501 Lyons Road, Coconut Creek, FL 33073",Broward County,Official Florida club,Classic,,Standard advertised dues,79.0,Monthly,79.0,199.0,69.0,101.33,,,,Observed,Official LA Fitness membership signup flow,https://www.lafitness.com/Pages/MembershipSignUpRate.aspx?id=1rlzNfUy%2bYXUzmCGjAD3BQ%3d%3d,,2026-09-01T01:55:20.031707+00:00,Access: Multi Club; State of Enrollment
LA Fitness,256,Coconut Creek,"5501 Lyons Road, Coconut Creek, FL 33073",Broward County,Official Florida club,Classic,,Standard advertised dues,29.99,Monthly,29.99,99.0,69.0,43.99,,,,Observed,Official LA Fitness membership signup flow,https://www.lafitness.com/Pages/MembershipSignUpRate.aspx?id=1rlzNfUy%2bYXUzmCGjAD3BQ%3d%3d,,2026-09-01T01:55:20.031707+00:00,Access: State of Enrollment; Nationwide Access
LA Fitness,9,Coral Springs - University Dr,"2633 University Drive, Coral Springs, FL 33065",Broward County,Official Florida club,Basic,,Standard advertised dues,29.99,Monthly,29.99,0.0,69.0,35.74,,,,Observed,Official LA Fitness membership signup flow,https://www.lafitness.com/Pages/MembershipSignUpRate.aspx?id=tGH%2bYqwB7oK6XMB7YuQ20A%3d%3d,,2026-09-01T01:55:20.031707+00:00,Access: Club of Enrollment
LA Fitness,9,Coral Springs - University Dr,"2633 University Drive, Coral Springs, FL 33065",Broward County,Official Florida club,Classic,,Standard advertised dues,29.99,Monthly,29.99,99.0,69.0,43.99,,,,Observed,Official LA Fitness membership signup flow,https://www.lafitness.com/Pages/MembershipSignUpRate.aspx?id=tGH%2bYqwB7oK6XMB7YuQ20A%3d%3d,,2026-09-01T01:55:20.031707+00:00,Access: Nationwide Access
LA Fitness,9,Coral Springs - University Dr,"2633 University Drive, Coral Springs, FL 33065",Broward County,Official Florida club,Classic,,Standard advertised dues,39.99,Monthly,39.99,0.0,69.0,45.74,,,,Observed,Official LA Fitness membership signup flow,https://www.lafitness.com/Pages/MembershipSignUpRate.aspx?id=tGH%2bYqwB7oK6XMB7YuQ20A%3d%3d,,2026-09-01T01:55:20.031707+00:00,Access: Nationwide Access
LA Fitness,235,Deerfield Beach,"1000 East Hillsboro Blvd, Deerfield Beach, FL 33441",Broward County,Official Florida club,Basic,,Standard advertised dues,29.99,Monthly,29.99,0.0,69.0,35.74,,,,Observed,Official LA Fitness membership signup flow,https://www.lafitness.com/Pages/MembershipSignUpRate.aspx?id=%2ffwZ%2fHkiPAFD5Z%2bh1gpTEg%3d%3d,,2026-09-01T01:55:20.031707+00:00,Access: Club of Enrollment
LA Fitness,235,Deerfield Beach,"1000 East Hillsboro Blvd, Deerfield Beach, FL 33441",Broward County,Official Florida club,Classic,,Standard advertised dues,29.99,Monthly,29.99,99.0,69.0,43.99,,,,Observed,Official LA Fitness membership signup flow,https://www.lafitness.com/Pages/MembershipSignUpRate.aspx?id=%2ffwZ%2fHkiPAFD5Z%2bh1gpTEg%3d%3d,,2026-09-01T01:55:20.031707+00:00,Access: Nationwide Access
LA Fitness,235,Deerfield Beach,"1000 East Hillsboro Blvd, Deerfield Beach, FL 33441",Broward County,Official Florida club,Classic,,Standard advertised dues,39.99,Monthly,39.99,0.0,69.0,45.74,,,,Observed,Official LA Fitness membership signup flow,https://www.lafitness.com/Pages/MembershipSignUpRate.aspx?id=%2ffwZ%2fHkiPAFD5Z%2bh1gpTEg%3d%3d,,2026-09-01T01:55:20.031707+00:00,Access: Nationwide Access
LA Fitness,1029,Delray Beach,"1660 S Federal Highway, Delray Beach, FL 33483",Palm Beach County,Official Florida club,Basic,,Standard advertised dues,29.99,Monthly,29.99,0.0,69.0,35.74,,,,Observed,Official LA Fitness membership signup flow,https://www.lafitness.com/Pages/MembershipSignUpRate.aspx?id=bm9Ocu5oPhJ1lemssBhPzw%3d%3d,,2026-09-01T01:55:20.031707+00:00,Access: Club of Enrollment
LA Fitness,1029,Delray Beach,"1660 S Federal Highway, Delray Beach, FL 33483",Palm Beach County,Official Florida club,Classic,,Standard advertised dues,29.99,Monthly,29.99,99.0,69.0,43.99,,,,Observed,Official LA Fitness membership signup flow,https://www.lafitness.com/Pages/MembershipSignUpRate.aspx?id=bm9Ocu5oPhJ1lemssBhPzw%3d%3d,,2026-09-01T01:55:20.031707+00:00,Access: Nationwide Access
LA Fitness,1029,Delray Beach,"1660 S Federal Highway, Delray Beach, FL 33483",Palm Beach County,Official Florida club,Classic,,Standard advertised dues,39.99,Monthly,39.99,0.0,69.0,45.74,,,,Observed,Official LA Fitness membership signup flow,https://www.lafitness.com/Pages/MembershipSignUpRate.aspx?id=bm9Ocu5oPhJ1lemssBhPzw%3d%3d,,2026-09-01T01:55:20.031707+00:00,Access: Nationwide Access
LA Fitness,1232,Dunedin,"1681 Main St, Dunedin, FL 34698",Pinellas County,Official Florida club,Basic,,Standard advertised dues,79.0,Monthly,79.0,199.0,69.0,101.33,,,,Observed,Official LA Fitness membership signup flow,https://www.lafitness.com/Pages/MembershipSignUpRate.aspx?id=Y6E1ccHqAOH59JiM7yx7bA%3d%3d,,2026-09-01T01:55:20.031707+00:00,Access: Multi Club; State of Enrollment
LA Fitness,1232,Dunedin,"1681 Main St, Dunedin, FL 34698",Pinellas County,Official Florida club,Classic,,Standard advertised dues,29.99,Monthly,29.99,99.0,69.0,43.99,,,,Observed,Official LA Fitness membership signup flow,https://www.lafitness.com/Pages/MembershipSignUpRate.aspx?id=Y6E1ccHqAOH59JiM7yx7bA%3d%3d,,2026-09-01T01:55:20.031707+00:00,Access: Nationwide Access
LA Fitness,1232,Dunedin,"1681 Main St, Dunedin, FL 34698",Pinellas County,Official Florida club,Classic,,Standard advertised dues,39.99,Monthly,39.99,0.0,69.0,45.74,,,,Observed,Official LA Fitness membership signup flow,https://www.lafitness.com/Pages/MembershipSignUpRate.aspx?id=Y6E1ccHqAOH59JiM7yx7bA%3d%3d,,2026-09-01T01:55:20.031707+00:00,Access: State of Enrollment; Nationwide Access
LA Fitness,683,FT. Lauderdale - SE 10th Ave.,"1900 SE 10th Ave, Fort Lauderdale, FL 33316",Broward County,Official Florida club,Basic,,Standard advertised dues,29.99,Monthly,29.99,0.0,69.0,35.74,,,,Observed,Official LA Fitness membership signup flow,https://www.lafitness.com/Pages/MembershipSignUpRate.aspx?id=fHkbbxeBxgjbSnOp%2b5BcFA%3d%3d,,2026-09-01T01:55:20.031707+00:00,Access: Club of Enrollment
LA Fitness,683,FT. Lauderdale - SE 10th Ave.,"1900 SE 10th Ave, Fort Lauderdale, FL 33316",Broward County,Official Florida club,Classic,,Standard advertised dues,29.99,Monthly,29.99,99.0,69.0,43.99,,,,Observed,Official LA Fitness membership signup flow,https://www.lafitness.com/Pages/MembershipSignUpRate.aspx?id=fHkbbxeBxgjbSnOp%2b5BcFA%3d%3d,,2026-09-01T01:55:20.031707+00:00,Access: Nationwide Access
LA Fitness,683,FT. Lauderdale - SE 10th Ave.,"1900 SE 10th Ave, Fort Lauderdale, FL 33316",Broward County,Official Florida club,Classic,,Standard advertised dues,39.99,Monthly,39.99,0.0,69.0,45.74,,,,Observed,Official LA Fitness membership signup flow,https://www.lafitness.com/Pages/MembershipSignUpRate.aspx?id=fHkbbxeBxgjbSnOp%2b5BcFA%3d%3d,,2026-09-01T01:55:20.031707+00:00,Access: Nationwide Access
LA Fitness,490,FT. Myers South-Gulf Center Dr,"10058 Gulf Center Drive, Ft. Myers, FL 33913",Lee County,Official Florida club,Basic,,Standard advertised dues,79.0,Monthly,79.0,199.0,69.0,101.33,,,,Observed,Official LA Fitness membership signup flow,https://www.lafitness.com/Pages/MembershipSignUpRate.aspx?id=J5CdUUCiwPiKcn5Pj8kaWA%3d%3d,,2026-09-01T01:55:20.031707+00:00,Access: Multi Club; State of Enrollment
LA Fitness,490,FT. Myers South-Gulf Center Dr,"10058 Gulf Center Drive, Ft. Myers, FL 33913",Lee County,Official Florida club,Classic,,Standard advertised dues,29.99,Monthly,29.99,99.0,69.0,43.99,,,,Observed,Official LA Fitness membership signup flow,https://www.lafitness.com/Pages/MembershipSignUpRate.aspx?id=J5CdUUCiwPiKcn5Pj8kaWA%3d%3d,,2026-09-01T01:55:20.031707+00:00,Access: Nationwide Access
LA Fitness,490,FT. Myers South-Gulf Center Dr,"10058 Gulf Center Drive, Ft. Myers, FL 33913",Lee County,Official Florida club,Classic,,Standard advertised dues,0.0,Monthly,0.0,0.0,0.0,0.0,,,,Observed,Official LA Fitness membership signup flow,https://www.lafitness.com/Pages/MembershipSignUpRate.aspx?id=J5CdUUCiwPiKcn5Pj8kaWA%3d%3d,,2026-09-01T01:55:20.031707+00:00,Access: State of Enrollment
LA Fitness,714,Hialeah-Palmetto Expy,"1901 West 39th Street, Hialeah, FL 33012",Miami-Dade County,Official Florida club,Basic,,Standard advertised dues,29.99,Monthly,29.99,0.0,69.0,35.74,,,,Observed,Official LA Fitness membership signup flow,https://www.lafitness.com/Pages/MembershipSignUpRate.aspx?id=va1nvv9tEwLhwIxjFfuUuA%3d%3d,,2026-09-01T01:55:20.031707+00:00,Access: Club of Enrollment
LA Fitness,714,Hialeah-Palmetto Expy,"1901 West 39th Street, Hialeah, FL 33012",Miami-Dade County,Official Florida club,Classic,,Standard advertised dues,29.99,Monthly,29.99,99.0,69.0,43.99,,,,Observed,Official LA Fitness membership signup flow,https://www.lafitness.com/Pages/MembershipSignUpRate.aspx?id=va1nvv9tEwLhwIxjFfuUuA%3d%3d,,2026-09-01T01:55:20.031707+00:00,Access: Nationwide Access
LA Fitness,714,Hialeah-Palmetto Expy,"1901 West 39th Street, Hialeah, FL 33012",Miami-Dade County,Official Florida club,Classic,,Standard advertised dues,39.99,Monthly,39.99,0.0,69.0,45.74,,,,Observed,Official LA Fitness membership signup flow,https://www.lafitness.com/Pages/MembershipSignUpRate.aspx?id=va1nvv9tEwLhwIxjFfuUuA%3d%3d,,2026-09-01T01:55:20.031707+00:00,Access: Nationwide Access
LA Fitness,631,Hialeah/W 49th St,"630 W 49th Street, Hialeah, FL 33012",Miami-Dade County,Official Florida club,Basic,,Standard advertised dues,29.99,Monthly,29.99,0.0,69.0,35.74,,,,Observed,Official LA Fitness membership signup flow,https://www.lafitness.com/Pages/MembershipSignUpRate.aspx?id=Mj47YZV44I5OrWjXTafbyg%3d%3d,,2026-09-01T01:55:20.031707+00:00,Access: Club of Enrollment
LA Fitness,631,Hialeah/W 49th St,"630 W 49th Street, Hialeah, FL 33012",Miami-Dade County,Official Florida club,Classic,,Standard advertised dues,99.0,Monthly,99.0,199.0,69.0,121.33,,,,Observed,Official LA Fitness membership signup flow,https://www.lafitness.com/Pages/MembershipSignUpRate.aspx?id=Mj47YZV44I5OrWjXTafbyg%3d%3d,,2026-09-01T01:55:20.031707+00:00,Access: Multi Club; State of Enrollment
LA Fitness,631,Hialeah/W 49th St,"630 W 49th Street, Hialeah, FL 33012",Miami-Dade County,Official Florida club,Classic,,Standard advertised dues,29.99,Monthly,29.99,99.0,69.0,43.99,,,,Observed,Official LA Fitness membership signup flow,https://www.lafitness.com/Pages/MembershipSignUpRate.aspx?id=Mj47YZV44I5OrWjXTafbyg%3d%3d,,2026-09-01T01:55:20.031707+00:00,Access: State of Enrollment; Nationwide Access
LA Fitness,1328,Miami Gardens - NW 57th Ave,"5730 NW 183rd St, Hialeah, FL 33015",Miami-Dade County,Official Florida club,Basic,,Standard advertised dues,29.99,Monthly,29.99,0.0,69.0,35.74,,,,Observed,Official LA Fitness membership signup flow,https://www.lafitness.com/Pages/MembershipSignUpRate.aspx?id=cDWRdZh1jnOyBl50huSlFA%3d%3d,,2026-09-01T01:55:20.031707+00:00,Access: Club of Enrollment
LA Fitness,1328,Miami Gardens - NW 57th Ave,"5730 NW 183rd St, Hialeah, FL 33015",Miami-Dade County,Official Florida club,Classic,,Standard advertised dues,29.99,Monthly,29.99,99.0,69.0,43.99,,,,Observed,Official LA Fitness membership signup flow,https://www.lafitness.com/Pages/MembershipSignUpRate.aspx?id=cDWRdZh1jnOyBl50huSlFA%3d%3d,,2026-09-01T01:55:20.031707+00:00,Access: Nationwide Access
LA Fitness,1328,Miami Gardens - NW 57th Ave,"5730 NW 183rd St, Hialeah, FL 33015",Miami-Dade County,Official Florida club,Classic,,Standard advertised dues,39.99,Monthly,39.99,0.0,69.0,45.74,,,,Observed,Official LA Fitness membership signup flow,https://www.lafitness.com/Pages/MembershipSignUpRate.aspx?id=cDWRdZh1jnOyBl50huSlFA%3d%3d,,2026-09-01T01:55:20.031707+00:00,Access: Nationwide Access
LA Fitness,276,"Hollywood, FL","5591 Sheridan Street, Hollywood, FL 33021",Broward County,Official Florida club,Basic,,Standard advertised dues,29.99,Monthly,29.99,0.0,69.0,35.74,,,,Observed,Official LA Fitness membership signup flow,https://www.lafitness.com/Pages/MembershipSignUpRate.aspx?id=LYL105hvpYyPkar6uHF9rw%3d%3d,,2026-09-01T01:55:20.031707+00:00,Access: Club of Enrollment
LA Fitness,276,"Hollywood, FL","5591 Sheridan Street, Hollywood, FL 33021",Broward County,Official Florida club,Classic,,Standard advertised dues,79.0,Monthly,79.0,199.0,69.0,101.33,,,,Observed,Official LA Fitness membership signup flow,https://www.lafitness.com/Pages/MembershipSignUpRate.aspx?id=LYL105hvpYyPkar6uHF9rw%3d%3d,,2026-09-01T01:55:20.031707+00:00,Access: Multi Club; State of Enrollment
LA Fitness,276,"Hollywood, FL","5591 Sheridan Street, Hollywood, FL 33021",Broward County,Official Florida club,Classic,,Standard advertised dues,29.99,Monthly,29.99,99.0,69.0,43.99,,,,Observed,Official LA Fitness membership signup flow,https://www.lafitness.com/Pages/MembershipSignUpRate.aspx?id=LYL105hvpYyPkar6uHF9rw%3d%3d,,2026-09-01T01:55:20.031707+00:00,Access: State of Enrollment; Nationwide Access
LA Fitness,680,Atlantic @ Kernan,"11901 Atlantic Blvd Ste 800, Jacksonville, FL 32225",Duval County,Official Florida club,Basic,,Standard advertised dues,29.99,Monthly,29.99,0.0,69.0,35.74,,,,Observed,Official LA Fitness membership signup flow,https://www.lafitness.com/Pages/MembershipSignUpRate.aspx?id=8Kih5yH9d3tajdVwb5ZI3g%3d%3d,,2026-09-01T01:55:20.031707+00:00,Access: Club of Enrollment
LA Fitness,680,Atlantic @ Kernan,"11901 Atlantic Blvd Ste 800, Jacksonville, FL 32225",Duval County,Official Florida club,Classic,,Standard advertised dues,29.99,Monthly,29.99,99.0,69.0,43.99,,,,Observed,Official LA Fitness membership signup flow,https://www.lafitness.com/Pages/MembershipSignUpRate.aspx?id=8Kih5yH9d3tajdVwb5ZI3g%3d%3d,,2026-09-01T01:55:20.031707+00:00,Access: Nationwide Access
LA Fitness,680,Atlantic @ Kernan,"11901 Atlantic Blvd Ste 800, Jacksonville, FL 32225",Duval County,Official Florida club,Classic,,Standard advertised dues,39.99,Monthly,39.99,0.0,69.0,45.74,,,,Observed,Official LA Fitness membership signup flow,https://www.lafitness.com/Pages/MembershipSignUpRate.aspx?id=8Kih5yH9d3tajdVwb5ZI3g%3d%3d,,2026-09-01T01:55:20.031707+00:00,Access: Nationwide Access
LA Fitness,1208,Jacksonville-Old St. Augustine,"11250 Old St Augustine Rd, Suite 16, Jacksonville, FL 32257",Duval County,Official Florida club,Basic,,Standard advertised dues,29.99,Monthly,29.99,0.0,69.0,35.74,,,,Observed,Official LA Fitness membership signup flow,https://www.lafitness.com/Pages/MembershipSignUpRate.aspx?id=bTp8pMWEGqfkTOFzTInk9Q%3d%3d,,2026-09-01T01:55:20.031707+00:00,Access: Club of Enrollment
LA Fitness,1208,Jacksonville-Old St. Augustine,"11250 Old St Augustine Rd, Suite 16, Jacksonville, FL 32257",Duval County,Official Florida club,Classic,,Standard advertised dues,29.99,Monthly,29.99,99.0,69.0,43.99,,,,Observed,Official LA Fitness membership signup flow,https://www.lafitness.com/Pages/MembershipSignUpRate.aspx?id=bTp8pMWEGqfkTOFzTInk9Q%3d%3d,,2026-09-01T01:55:20.031707+00:00,Access: Nationwide Access
LA Fitness,1208,Jacksonville-Old St. Augustine,"11250 Old St Augustine Rd, Suite 16, Jacksonville, FL 32257",Duval County,Official Florida club,Classic,,Standard advertised dues,39.99,Monthly,39.99,0.0,69.0,45.74,,,,Observed,Official LA Fitness membership signup flow,https://www.lafitness.com/Pages/MembershipSignUpRate.aspx?id=bTp8pMWEGqfkTOFzTInk9Q%3d%3d,,2026-09-01T01:55:20.031707+00:00,Access: Nationwide Access
LA Fitness,1130,Kissimmee,"1750 Ball Park Road, Kissimmee, FL 34741",Osceola County,Official Florida club,Basic,,Standard advertised dues,29.99,Monthly,29.99,0.0,69.0,35.74,,,,Observed,Official LA Fitness membership signup flow,https://www.lafitness.com/Pages/MembershipSignUpRate.aspx?id=z9rsPZIUdeCsPOU%2fckfk5g%3d%3d,,2026-09-01T01:55:20.031707+00:00,Access: Club of Enrollment
LA Fitness,1130,Kissimmee,"1750 Ball Park Road, Kissimmee, FL 34741",Osceola County,Official Florida club,Classic,,Standard advertised dues,29.99,Monthly,29.99,99.0,69.0,43.99,,,,Observed,Official LA Fitness membership signup flow,https://www.lafitness.com/Pages/MembershipSignUpRate.aspx?id=z9rsPZIUdeCsPOU%2fckfk5g%3d%3d,,2026-09-01T01:55:20.031707+00:00,Access: Nationwide Access
LA Fitness,1130,Kissimmee,"1750 Ball Park Road, Kissimmee, FL 34741",Osceola County,Official Florida club,Classic,,Standard advertised dues,39.99,Monthly,39.99,0.0,69.0,45.74,,,,Observed,Official LA Fitness membership signup flow,https://www.lafitness.com/Pages/MembershipSignUpRate.aspx?id=z9rsPZIUdeCsPOU%2fckfk5g%3d%3d,,2026-09-01T01:55:20.031707+00:00,Access: Nationwide Access
LA Fitness,1240,Kissimmee - Osceola Pkwy,"1980 Osceola Pkwy, Kissimmee, FL 34743",Osceola County,Official Florida club,Basic,,Standard advertised dues,29.99,Monthly,29.99,0.0,69.0,35.74,,,,Observed,Official LA Fitness membership signup flow,https://www.lafitness.com/Pages/MembershipSignUpRate.aspx?id=eB7tmwZRp69HecOstqQjsA%3d%3d,,2026-09-01T01:55:20.031707+00:00,Access: Club of Enrollment
LA Fitness,1240,Kissimmee - Osceola Pkwy,"1980 Osceola Pkwy, Kissimmee, FL 34743",Osceola County,Official Florida club,Classic,,Standard advertised dues,29.99,Monthly,29.99,99.0,69.0,43.99,,,,Observed,Official LA Fitness membership signup flow,https://www.lafitness.com/Pages/MembershipSignUpRate.aspx?id=eB7tmwZRp69HecOstqQjsA%3d%3d,,2026-09-01T01:55:20.031707+00:00,Access: Nationwide Access
LA Fitness,1240,Kissimmee - Osceola Pkwy,"1980 Osceola Pkwy, Kissimmee, FL 34743",Osceola County,Official Florida club,Classic,,Standard advertised dues,39.99,Monthly,39.99,0.0,69.0,45.74,,,,Observed,Official LA Fitness membership signup flow,https://www.lafitness.com/Pages/MembershipSignUpRate.aspx?id=eB7tmwZRp69HecOstqQjsA%3d%3d,,2026-09-01T01:55:20.031707+00:00,Access: Nationwide Access
LA Fitness,949,Lake Mary,"3851 Lake Emma Rd., Lake Mary, FL 32746",Seminole County,Official Florida club,Basic,,Standard advertised dues,29.99,Monthly,29.99,0.0,69.0,35.74,,,,Observed,Official LA Fitness membership signup flow,https://www.lafitness.com/Pages/MembershipSignUpRate.aspx?id=NoImIWC4TQd%2bfHzbqeD4TQ%3d%3d,,2026-09-01T01:55:20.031707+00:00,Access: Club of Enrollment
LA Fitness,949,Lake Mary,"3851 Lake Emma Rd., Lake Mary, FL 32746",Seminole County,Official Florida club,Classic,,Standard advertised dues,29.99,Monthly,29.99,99.0,69.0,43.99,,,,Observed,Official LA Fitness membership signup flow,https://www.lafitness.com/Pages/MembershipSignUpRate.aspx?id=NoImIWC4TQd%2bfHzbqeD4TQ%3d%3d,,2026-09-01T01:55:20.031707+00:00,Access: Nationwide Access
LA Fitness,949,Lake Mary,"3851 Lake Emma Rd., Lake Mary, FL 32746",Seminole County,Official Florida club,Classic,,Standard advertised dues,39.99,Monthly,39.99,0.0,69.0,45.74,,,,Observed,Official LA Fitness membership signup flow,https://www.lafitness.com/Pages/MembershipSignUpRate.aspx?id=NoImIWC4TQd%2bfHzbqeD4TQ%3d%3d,,2026-09-01T01:55:20.031707+00:00,Access: Nationwide Access
LA Fitness,588,Lake Worth,"8888 Lantana Road, Lake Worth, FL 33467",Palm Beach County,Official Florida club,Basic,,Standard advertised dues,29.99,Monthly,29.99,0.0,69.0,35.74,,,,Observed,Official LA Fitness membership signup flow,https://www.lafitness.com/Pages/MembershipSignUpRate.aspx?id=7FJsW6yQ7w3Sk9oeNl411A%3d%3d,,2026-09-01T01:55:20.031707+00:00,Access: Club of Enrollment
LA Fitness,588,Lake Worth,"8888 Lantana Road, Lake Worth, FL 33467",Palm Beach County,Official Florida club,Classic,,Standard advertised dues,29.99,Monthly,29.99,99.0,69.0,43.99,,,,Observed,Official LA Fitness membership signup flow,https://www.lafitness.com/Pages/MembershipSignUpRate.aspx?id=7FJsW6yQ7w3Sk9oeNl411A%3d%3d,,2026-09-01T01:55:20.031707+00:00,Access: Nationwide Access
LA Fitness,588,Lake Worth,"8888 Lantana Road, Lake Worth, FL 33467",Palm Beach County,Official Florida club,Classic,,Standard advertised dues,39.99,Monthly,39.99,0.0,69.0,45.74,,,,Observed,Official LA Fitness membership signup flow,https://www.lafitness.com/Pages/MembershipSignUpRate.aspx?id=7FJsW6yQ7w3Sk9oeNl411A%3d%3d,,2026-09-01T01:55:20.031707+00:00,Access: Nationwide Access
LA Fitness,1235,Lakeland-Lakeland Park Center,"833 Lakeland Park Center Drive, Lakeland, FL 33809",Polk County,Official Florida club,Basic,,Standard advertised dues,29.99,Monthly,29.99,99.0,69.0,43.99,,,,Observed,Official LA Fitness membership signup flow,https://www.lafitness.com/Pages/MembershipSignUpRate.aspx?id=394L5%2flsTxfqpWdmELhmgQ%3d%3d,,2026-09-01T01:55:20.031707+00:00,Access: Nationwide Access
LA Fitness,1235,Lakeland-Lakeland Park Center,"833 Lakeland Park Center Drive, Lakeland, FL 33809",Polk County,Official Florida club,Classic,,Standard advertised dues,39.99,Monthly,39.99,0.0,69.0,45.74,,,,Observed,Official LA Fitness membership signup flow,https://www.lafitness.com/Pages/MembershipSignUpRate.aspx?id=394L5%2flsTxfqpWdmELhmgQ%3d%3d,,2026-09-01T01:55:20.031707+00:00,Access: Nationwide Access
LA Fitness,1235,Lakeland-Lakeland Park Center,"833 Lakeland Park Center Drive, Lakeland, FL 33809",Polk County,Official Florida club,Classic,,Standard advertised dues,0.0,Monthly,0.0,0.0,0.0,0.0,,,,Observed,Official LA Fitness membership signup flow,https://www.lafitness.com/Pages/MembershipSignUpRate.aspx?id=394L5%2flsTxfqpWdmELhmgQ%3d%3d,,2026-09-01T01:55:20.031707+00:00,Access:
LA Fitness,1248,Lakewood Ranch,"11661 SR 70 E, Lakewood Ranch, FL 34202",Manatee County,Official Florida club,Basic,,Standard advertised dues,79.0,Monthly,79.0,199.0,69.0,101.33,,,,Observed,Official LA Fitness membership signup flow,https://www.lafitness.com/Pages/MembershipSignUpRate.aspx?id=P1ChyYr6pGlInftIq6VBnw%3d%3d,,2026-09-01T01:55:20.031707+00:00,Access: Multi Club; State of Enrollment
LA Fitness,1248,Lakewood Ranch,"11661 SR 70 E, Lakewood Ranch, FL 34202",Manatee County,Official Florida club,Classic,,Standard advertised dues,29.99,Monthly,29.99,99.0,69.0,43.99,,,,Observed,Official LA Fitness membership signup flow,https://www.lafitness.com/Pages/MembershipSignUpRate.aspx?id=P1ChyYr6pGlInftIq6VBnw%3d%3d,,2026-09-01T01:55:20.031707+00:00,Access: Nationwide Access
LA Fitness,1248,Lakewood Ranch,"11661 SR 70 E, Lakewood Ranch, FL 34202",Manatee County,Official Florida club,Classic,,Standard advertised dues,0.0,Monthly,0.0,0.0,0.0,0.0,,,,Observed,Official LA Fitness membership signup flow,https://www.lafitness.com/Pages/MembershipSignUpRate.aspx?id=P1ChyYr6pGlInftIq6VBnw%3d%3d,,2026-09-01T01:55:20.031707+00:00,Access: State of Enrollment
LA Fitness,1061,Largo - Missouri Ave.,"1229 Missouri Ave N, Largo, FL 33770",Pinellas County,Official Florida club,Basic,,Standard advertised dues,29.99,Monthly,29.99,99.0,69.0,43.99,,,,Observed,Official LA Fitness membership signup flow,https://www.lafitness.com/Pages/MembershipSignUpRate.aspx?id=CLg92RhK5RRE619CqVCm%2bA%3d%3d,,2026-09-01T01:55:20.031707+00:00,Access: Nationwide Access
LA Fitness,1061,Largo - Missouri Ave.,"1229 Missouri Ave N, Largo, FL 33770",Pinellas County,Official Florida club,Classic,,Standard advertised dues,39.99,Monthly,39.99,0.0,69.0,45.74,,,,Observed,Official LA Fitness membership signup flow,https://www.lafitness.com/Pages/MembershipSignUpRate.aspx?id=CLg92RhK5RRE619CqVCm%2bA%3d%3d,,2026-09-01T01:55:20.031707+00:00,Access: Nationwide Access
LA Fitness,1061,Largo - Missouri Ave.,"1229 Missouri Ave N, Largo, FL 33770",Pinellas County,Official Florida club,Classic,,Standard advertised dues,0.0,Monthly,0.0,0.0,0.0,0.0,,,,Observed,Official LA Fitness membership signup flow,https://www.lafitness.com/Pages/MembershipSignUpRate.aspx?id=CLg92RhK5RRE619CqVCm%2bA%3d%3d,,2026-09-01T01:55:20.031707+00:00,Access:
LA Fitness,1021,Melbourne - Wickham Rd.,"2447 N Wickham Rd Suite 102, Melbourne, FL 32935",Brevard County,Official Florida club,Basic,,Standard advertised dues,29.99,Monthly,29.99,0.0,69.0,35.74,,,,Observed,Official LA Fitness membership signup flow,https://www.lafitness.com/Pages/MembershipSignUpRate.aspx?id=06n7BcXsr6UHQG8VNnEkqg%3d%3d,,2026-09-01T01:55:20.031707+00:00,Access: Club of Enrollment
LA Fitness,1021,Melbourne - Wickham Rd.,"2447 N Wickham Rd Suite 102, Melbourne, FL 32935",Brevard County,Official Florida club,Classic,,Standard advertised dues,29.99,Monthly,29.99,99.0,69.0,43.99,,,,Observed,Official LA Fitness membership signup flow,https://www.lafitness.com/Pages/MembershipSignUpRate.aspx?id=06n7BcXsr6UHQG8VNnEkqg%3d%3d,,2026-09-01T01:55:20.031707+00:00,Access: Nationwide Access
LA Fitness,1021,Melbourne - Wickham Rd.,"2447 N Wickham Rd Suite 102, Melbourne, FL 32935",Brevard County,Official Florida club,Classic,,Standard advertised dues,39.99,Monthly,39.99,0.0,69.0,45.74,,,,Observed,Official LA Fitness membership signup flow,https://www.lafitness.com/Pages/MembershipSignUpRate.aspx?id=06n7BcXsr6UHQG8VNnEkqg%3d%3d,,2026-09-01T01:55:20.031707+00:00,Access: Nationwide Access
LA Fitness,20,Kendall - SW 124th,"8555 SW 124th Avenue, Miami, FL 33183",Miami-Dade County,Official Florida club,Basic,,Standard advertised dues,29.99,Monthly,29.99,0.0,69.0,35.74,,,,Observed,Official LA Fitness membership signup flow,https://www.lafitness.com/Pages/MembershipSignUpRate.aspx?id=LcCtesjaGBaAfvfI2yZk%2bQ%3d%3d,,2026-09-01T01:55:20.031707+00:00,Access: Club of Enrollment
LA Fitness,20,Kendall - SW 124th,"8555 SW 124th Avenue, Miami, FL 33183",Miami-Dade County,Official Florida club,Classic,,Standard advertised dues,79.0,Monthly,79.0,199.0,69.0,101.33,,,,Observed,Official LA Fitness membership signup flow,https://www.lafitness.com/Pages/MembershipSignUpRate.aspx?id=LcCtesjaGBaAfvfI2yZk%2bQ%3d%3d,,2026-09-01T01:55:20.031707+00:00,Access: Multi Club; State of Enrollment
LA Fitness,20,Kendall - SW 124th,"8555 SW 124th Avenue, Miami, FL 33183",Miami-Dade County,Official Florida club,Classic,,Standard advertised dues,29.99,Monthly,29.99,99.0,69.0,43.99,,,,Observed,Official LA Fitness membership signup flow,https://www.lafitness.com/Pages/MembershipSignUpRate.aspx?id=LcCtesjaGBaAfvfI2yZk%2bQ%3d%3d,,2026-09-01T01:55:20.031707+00:00,Access: State of Enrollment; Nationwide Access
LA Fitness,112,Doral,"10055 NW 41st Street, Miami, FL 33178",Miami-Dade County,Official Florida club,Basic,,Standard advertised dues,29.99,Monthly,29.99,0.0,69.0,35.74,,,,Observed,Official LA Fitness membership signup flow,https://www.lafitness.com/Pages/MembershipSignUpRate.aspx?id=oO8sslTbb6b%2fMsfqDZdLzg%3d%3d,,2026-09-01T01:55:20.031707+00:00,Access: Club of Enrollment
LA Fitness,112,Doral,"10055 NW 41st Street, Miami, FL 33178",Miami-Dade County,Official Florida club,Classic,,Standard advertised dues,29.99,Monthly,29.99,99.0,69.0,43.99,,,,Observed,Official LA Fitness membership signup flow,https://www.lafitness.com/Pages/MembershipSignUpRate.aspx?id=oO8sslTbb6b%2fMsfqDZdLzg%3d%3d,,2026-09-01T01:55:20.031707+00:00,Access: Nationwide Access
LA Fitness,112,Doral,"10055 NW 41st Street, Miami, FL 33178",Miami-Dade County,Official Florida club,Classic,,Standard advertised dues,39.99,Monthly,39.99,0.0,69.0,45.74,,,,Observed,Official LA Fitness membership signup flow,https://www.lafitness.com/Pages/MembershipSignUpRate.aspx?id=oO8sslTbb6b%2fMsfqDZdLzg%3d%3d,,2026-09-01T01:55:20.031707+00:00,Access: Nationwide Access
LA Fitness,237,Miami West -SW 8th Street,"14100 SW 8th Street, Miami, FL 33184",Miami-Dade County,Official Florida club,Basic,,Standard advertised dues,29.99,Monthly,29.99,0.0,69.0,35.74,,,,Observed,Official LA Fitness membership signup flow,https://www.lafitness.com/Pages/MembershipSignUpRate.aspx?id=9YirEeV5xSiI3Yni5XHZbA%3d%3d,,2026-09-01T01:55:20.031707+00:00,Access: Club of Enrollment
LA Fitness,237,Miami West -SW 8th Street,"14100 SW 8th Street, Miami, FL 33184",Miami-Dade County,Official Florida club,Classic,,Standard advertised dues,29.99,Monthly,29.99,99.0,69.0,43.99,,,,Observed,Official LA Fitness membership signup flow,https://www.lafitness.com/Pages/MembershipSignUpRate.aspx?id=9YirEeV5xSiI3Yni5XHZbA%3d%3d,,2026-09-01T01:55:20.031707+00:00,Access: Nationwide Access
LA Fitness,237,Miami West -SW 8th Street,"14100 SW 8th Street, Miami, FL 33184",Miami-Dade County,Official Florida club,Classic,,Standard advertised dues,39.99,Monthly,39.99,0.0,69.0,45.74,,,,Observed,Official LA Fitness membership signup flow,https://www.lafitness.com/Pages/MembershipSignUpRate.aspx?id=9YirEeV5xSiI3Yni5XHZbA%3d%3d,,2026-09-01T01:55:20.031707+00:00,Access: Nationwide Access
LA Fitness,421,Kendall West - SW 88th,"16339 SW 88th St, Miami, FL 33196",Miami-Dade County,Official Florida club,Basic,,Standard advertised dues,29.99,Monthly,29.99,0.0,69.0,35.74,,,,Observed,Official LA Fitness membership signup flow,https://www.lafitness.com/Pages/MembershipSignUpRate.aspx?id=Dbd4jsj0wvg5BFqdjqAZMw%3d%3d,,2026-09-01T01:55:20.031707+00:00,Access: Club of Enrollment
LA Fitness,421,Kendall West - SW 88th,"16339 SW 88th St, Miami, FL 33196",Miami-Dade County,Official Florida club,Classic,,Standard advertised dues,99.0,Monthly,99.0,199.0,69.0,121.33,,,,Observed,Official LA Fitness membership signup flow,https://www.lafitness.com/Pages/MembershipSignUpRate.aspx?id=Dbd4jsj0wvg5BFqdjqAZMw%3d%3d,,2026-09-01T01:55:20.031707+00:00,Access: Multi Club; State of Enrollment
LA Fitness,421,Kendall West - SW 88th,"16339 SW 88th St, Miami, FL 33196",Miami-Dade County,Official Florida club,Classic,,Standard advertised dues,29.99,Monthly,29.99,99.0,69.0,43.99,,,,Observed,Official LA Fitness membership signup flow,https://www.lafitness.com/Pages/MembershipSignUpRate.aspx?id=Dbd4jsj0wvg5BFqdjqAZMw%3d%3d,,2026-09-01T01:55:20.031707+00:00,Access: State of Enrollment; Nationwide Access
LA Fitness,553,Mary Brickell (Signature),"900 South Miami Ave Ste 236, Miami, FL 33130",Miami-Dade County,Official Florida club,Basic,,Standard advertised dues,29.99,Monthly,29.99,0.0,69.0,35.74,,,,Observed,Official LA Fitness membership signup flow,https://www.lafitness.com/Pages/MembershipSignUpRate.aspx?id=amFmdnkXuEaFJNZQ6vKvvg%3d%3d,,2026-09-01T01:55:20.031707+00:00,Access: Club of Enrollment
LA Fitness,553,Mary Brickell (Signature),"900 South Miami Ave Ste 236, Miami, FL 33130",Miami-Dade County,Official Florida club,Classic,,Standard advertised dues,29.99,Monthly,29.99,99.0,69.0,43.99,,,,Observed,Official LA Fitness membership signup flow,https://www.lafitness.com/Pages/MembershipSignUpRate.aspx?id=amFmdnkXuEaFJNZQ6vKvvg%3d%3d,,2026-09-01T01:55:20.031707+00:00,Access: Nationwide Access
LA Fitness,553,Mary Brickell (Signature),"900 South Miami Ave Ste 236, Miami, FL 33130",Miami-Dade County,Official Florida club,Classic,,Standard advertised dues,39.99,Monthly,39.99,0.0,69.0,45.74,,,,Observed,Official LA Fitness membership signup flow,https://www.lafitness.com/Pages/MembershipSignUpRate.aspx?id=amFmdnkXuEaFJNZQ6vKvvg%3d%3d,,2026-09-01T01:55:20.031707+00:00,Access: Nationwide Access
LA Fitness,712,Coral Gables,"3301 SW 22nd Street, Miami, FL 33145",Miami-Dade County,Official Florida club,Basic,,Standard advertised dues,29.99,Monthly,29.99,0.0,69.0,35.74,,,,Observed,Official LA Fitness membership signup flow,https://www.lafitness.com/Pages/MembershipSignUpRate.aspx?id=NPwzXu710dUhdCCyfIntjA%3d%3d,,2026-09-01T01:55:20.031707+00:00,Access: Club of Enrollment
LA Fitness,712,Coral Gables,"3301 SW 22nd Street, Miami, FL 33145",Miami-Dade County,Official Florida club,Classic,,Standard advertised dues,29.99,Monthly,29.99,99.0,69.0,43.99,,,,Observed,Official LA Fitness membership signup flow,https://www.lafitness.com/Pages/MembershipSignUpRate.aspx?id=NPwzXu710dUhdCCyfIntjA%3d%3d,,2026-09-01T01:55:20.031707+00:00,Access: Nationwide Access
LA Fitness,712,Coral Gables,"3301 SW 22nd Street, Miami, FL 33145",Miami-Dade County,Official Florida club,Classic,,Standard advertised dues,39.99,Monthly,39.99,0.0,69.0,45.74,,,,Observed,Official LA Fitness membership signup flow,https://www.lafitness.com/Pages/MembershipSignUpRate.aspx?id=NPwzXu710dUhdCCyfIntjA%3d%3d,,2026-09-01T01:55:20.031707+00:00,Access: Nationwide Access
LA Fitness,718,Miami-Sw 56th St,"13838 S.W. 56th Street, Miami, FL 33175",Miami-Dade County,Official Florida club,Basic,,Standard advertised dues,29.99,Monthly,29.99,0.0,69.0,35.74,,,,Observed,Official LA Fitness membership signup flow,https://www.lafitness.com/Pages/MembershipSignUpRate.aspx?id=mLtj9LEc%2fJeAftPu09GjxQ%3d%3d,,2026-09-01T01:55:20.031707+00:00,Access: Club of Enrollment
LA Fitness,718,Miami-Sw 56th St,"13838 S.W. 56th Street, Miami, FL 33175",Miami-Dade County,Official Florida club,Classic,,Standard advertised dues,79.0,Monthly,79.0,199.0,69.0,101.33,,,,Observed,Official LA Fitness membership signup flow,https://www.lafitness.com/Pages/MembershipSignUpRate.aspx?id=mLtj9LEc%2fJeAftPu09GjxQ%3d%3d,,2026-09-01T01:55:20.031707+00:00,Access: Multi Club; State of Enrollment
LA Fitness,718,Miami-Sw 56th St,"13838 S.W. 56th Street, Miami, FL 33175",Miami-Dade County,Official Florida club,Classic,,Standard advertised dues,29.99,Monthly,29.99,99.0,69.0,43.99,,,,Observed,Official LA Fitness membership signup flow,https://www.lafitness.com/Pages/MembershipSignUpRate.aspx?id=mLtj9LEc%2fJeAftPu09GjxQ%3d%3d,,2026-09-01T01:55:20.031707+00:00,Access: State of Enrollment; Nationwide Access
LA Fitness,798,Southland-Tpke / S Dixie,"20505 South Dixie Highway, Miami, FL 33189",Miami-Dade County,Official Florida club,Basic,,Standard advertised dues,29.99,Monthly,29.99,0.0,69.0,35.74,,,,Observed,Official LA Fitness membership signup flow,https://www.lafitness.com/Pages/MembershipSignUpRate.aspx?id=ByLjft3ZUXs4SGg0NWKySQ%3d%3d,,2026-09-01T01:55:20.031707+00:00,Access: Club of Enrollment
LA Fitness,798,Southland-Tpke / S Dixie,"20505 South Dixie Highway, Miami, FL 33189",Miami-Dade County,Official Florida club,Classic,,Standard advertised dues,29.99,Monthly,29.99,99.0,69.0,43.99,,,,Observed,Official LA Fitness membership signup flow,https://www.lafitness.com/Pages/MembershipSignUpRate.aspx?id=ByLjft3ZUXs4SGg0NWKySQ%3d%3d,,2026-09-01T01:55:20.031707+00:00,Access: Nationwide Access
LA Fitness,798,Southland-Tpke / S Dixie,"20505 South Dixie Highway, Miami, FL 33189",Miami-Dade County,Official Florida club,Classic,,Standard advertised dues,39.99,Monthly,39.99,0.0,69.0,45.74,,,,Observed,Official LA Fitness membership signup flow,https://www.lafitness.com/Pages/MembershipSignUpRate.aspx?id=ByLjft3ZUXs4SGg0NWKySQ%3d%3d,,2026-09-01T01:55:20.031707+00:00,Access: Nationwide Access
LA Fitness,1020,Miami - W. Flagler St,"9291 W Flagler St, Miami, FL 33174",Miami-Dade County,Official Florida club,Basic,,Standard advertised dues,29.99,Monthly,29.99,0.0,69.0,35.74,,,,Observed,Official LA Fitness membership signup flow,https://www.lafitness.com/Pages/MembershipSignUpRate.aspx?id=Q9YeXd4GvGO%2bTa8bPwTQaw%3d%3d,,2026-09-01T01:55:20.031707+00:00,Access: Club of Enrollment
LA Fitness,1020,Miami - W. Flagler St,"9291 W Flagler St, Miami, FL 33174",Miami-Dade County,Official Florida club,Classic,,Standard advertised dues,29.99,Monthly,29.99,99.0,69.0,43.99,,,,Observed,Official LA Fitness membership signup flow,https://www.lafitness.com/Pages/MembershipSignUpRate.aspx?id=Q9YeXd4GvGO%2bTa8bPwTQaw%3d%3d,,2026-09-01T01:55:20.031707+00:00,Access: Nationwide Access
LA Fitness,1020,Miami - W. Flagler St,"9291 W Flagler St, Miami, FL 33174",Miami-Dade County,Official Florida club,Classic,,Standard advertised dues,39.99,Monthly,39.99,0.0,69.0,45.74,,,,Observed,Official LA Fitness membership signup flow,https://www.lafitness.com/Pages/MembershipSignUpRate.aspx?id=Q9YeXd4GvGO%2bTa8bPwTQaw%3d%3d,,2026-09-01T01:55:20.031707+00:00,Access: Nationwide Access
LA Fitness,1043,Miami - SW 152nd Street,"15400 SW 127th Avenue, Miami, FL 33177",Miami-Dade County,Official Florida club,Basic,,Standard advertised dues,29.99,Monthly,29.99,0.0,69.0,35.74,,,,Observed,Official LA Fitness membership signup flow,https://www.lafitness.com/Pages/MembershipSignUpRate.aspx?id=VbDJNDpeeRZoV7tpT6zGlQ%3d%3d,,2026-09-01T01:55:20.031707+00:00,Access: Club of Enrollment
LA Fitness,1043,Miami - SW 152nd Street,"15400 SW 127th Avenue, Miami, FL 33177",Miami-Dade County,Official Florida club,Classic,,Standard advertised dues,29.99,Monthly,29.99,99.0,69.0,43.99,,,,Observed,Official LA Fitness membership signup flow,https://www.lafitness.com/Pages/MembershipSignUpRate.aspx?id=VbDJNDpeeRZoV7tpT6zGlQ%3d%3d,,2026-09-01T01:55:20.031707+00:00,Access: Nationwide Access
LA Fitness,1043,Miami - SW 152nd Street,"15400 SW 127th Avenue, Miami, FL 33177",Miami-Dade County,Official Florida club,Classic,,Standard advertised dues,39.99,Monthly,39.99,0.0,69.0,45.74,,,,Observed,Official LA Fitness membership signup flow,https://www.lafitness.com/Pages/MembershipSignUpRate.aspx?id=VbDJNDpeeRZoV7tpT6zGlQ%3d%3d,,2026-09-01T01:55:20.031707+00:00,Access: Nationwide Access
LA Fitness,1153,Miami - Bird Rd,"8310 Bird Road, Miami, FL 33155",Miami-Dade County,Official Florida club,Basic,,Standard advertised dues,29.99,Monthly,29.99,0.0,69.0,35.74,,,,Observed,Official LA Fitness membership signup flow,https://www.lafitness.com/Pages/MembershipSignUpRate.aspx?id=vO0RH6GePNzPcFTUP%2bRX1g%3d%3d,,2026-09-01T01:55:20.031707+00:00,Access: Club of Enrollment
LA Fitness,1153,Miami - Bird Rd,"8310 Bird Road, Miami, FL 33155",Miami-Dade County,Official Florida club,Classic,,Standard advertised dues,29.99,Monthly,29.99,99.0,69.0,43.99,,,,Observed,Official LA Fitness membership signup flow,https://www.lafitness.com/Pages/MembershipSignUpRate.aspx?id=vO0RH6GePNzPcFTUP%2bRX1g%3d%3d,,2026-09-01T01:55:20.031707+00:00,Access: Nationwide Access
LA Fitness,1153,Miami - Bird Rd,"8310 Bird Road, Miami, FL 33155",Miami-Dade County,Official Florida club,Classic,,Standard advertised dues,39.99,Monthly,39.99,0.0,69.0,45.74,,,,Observed,Official LA Fitness membership signup flow,https://www.lafitness.com/Pages/MembershipSignUpRate.aspx?id=vO0RH6GePNzPcFTUP%2bRX1g%3d%3d,,2026-09-01T01:55:20.031707+00:00,Access: Nationwide Access
LA Fitness,1402,Miramar - Red Rd.,"11645 Red Road, Unit H-1, Miramar, FL 33025",Broward County,Official Florida club,Basic,,Standard advertised dues,29.99,Monthly,29.99,0.0,69.0,35.74,,,,Observed,Official LA Fitness membership signup flow,https://www.lafitness.com/Pages/MembershipSignUpRate.aspx?id=jrxV%2bx1zwprkgurNJ8bOVw%3d%3d,,2026-09-01T01:55:20.031707+00:00,Access: Club of Enrollment
LA Fitness,1402,Miramar - Red Rd.,"11645 Red Road, Unit H-1, Miramar, FL 33025",Broward County,Official Florida club,Classic,,Standard advertised dues,29.99,Monthly,29.99,99.0,69.0,43.99,,,,Observed,Official LA Fitness membership signup flow,https://www.lafitness.com/Pages/MembershipSignUpRate.aspx?id=jrxV%2bx1zwprkgurNJ8bOVw%3d%3d,,2026-09-01T01:55:20.031707+00:00,Access: Nationwide Access
LA Fitness,1402,Miramar - Red Rd.,"11645 Red Road, Unit H-1, Miramar, FL 33025",Broward County,Official Florida club,Classic,,Standard advertised dues,39.99,Monthly,39.99,0.0,69.0,45.74,,,,Observed,Official LA Fitness membership signup flow,https://www.lafitness.com/Pages/MembershipSignUpRate.aspx?id=jrxV%2bx1zwprkgurNJ8bOVw%3d%3d,,2026-09-01T01:55:20.031707+00:00,Access: Nationwide Access
LA Fitness,201,Miami Gardens,"1580 NE Miami Gardens Drive, N. Miami Beach, FL 33179",Miami-Dade County,Official Florida club,Basic,,Standard advertised dues,29.99,Monthly,29.99,0.0,69.0,35.74,,,,Observed,Official LA Fitness membership signup flow,https://www.lafitness.com/Pages/MembershipSignUpRate.aspx?id=OPhtcIoP31F1HX93lrVrbA%3d%3d,,2026-09-01T01:55:20.031707+00:00,Access: Club of Enrollment
LA Fitness,201,Miami Gardens,"1580 NE Miami Gardens Drive, N. Miami Beach, FL 33179",Miami-Dade County,Official Florida club,Classic,,Standard advertised dues,79.0,Monthly,79.0,199.0,69.0,101.33,,,,Observed,Official LA Fitness membership signup flow,https://www.lafitness.com/Pages/MembershipSignUpRate.aspx?id=OPhtcIoP31F1HX93lrVrbA%3d%3d,,2026-09-01T01:55:20.031707+00:00,Access: Multi Club; State of Enrollment
LA Fitness,201,Miami Gardens,"1580 NE Miami Gardens Drive, N. Miami Beach, FL 33179",Miami-Dade County,Official Florida club,Classic,,Standard advertised dues,29.99,Monthly,29.99,99.0,69.0,43.99,,,,Observed,Official LA Fitness membership signup flow,https://www.lafitness.com/Pages/MembershipSignUpRate.aspx?id=OPhtcIoP31F1HX93lrVrbA%3d%3d,,2026-09-01T01:55:20.031707+00:00,Access: State of Enrollment; Nationwide Access
LA Fitness,610,Naples @ Vanderbilt Beach Rd,"871 Vanderbilt Beach Rd, Naples, FL 34108",Collier County,Official Florida club,Basic,,Standard advertised dues,79.0,Monthly,79.0,199.0,69.0,101.33,,,,Observed,Official LA Fitness membership signup flow,https://www.lafitness.com/Pages/MembershipSignUpRate.aspx?id=7HjYhRpwxGaeMFqPuoOHwg%3d%3d,,2026-09-01T01:55:20.031707+00:00,Access: Multi Club; State of Enrollment
LA Fitness,610,Naples @ Vanderbilt Beach Rd,"871 Vanderbilt Beach Rd, Naples, FL 34108",Collier County,Official Florida club,Classic,,Standard advertised dues,29.99,Monthly,29.99,99.0,69.0,43.99,,,,Observed,Official LA Fitness membership signup flow,https://www.lafitness.com/Pages/MembershipSignUpRate.aspx?id=7HjYhRpwxGaeMFqPuoOHwg%3d%3d,,2026-09-01T01:55:20.031707+00:00,Access: Nationwide Access
LA Fitness,610,Naples @ Vanderbilt Beach Rd,"871 Vanderbilt Beach Rd, Naples, FL 34108",Collier County,Official Florida club,Classic,,Standard advertised dues,0.0,Monthly,0.0,0.0,0.0,0.0,,,,Observed,Official LA Fitness membership signup flow,https://www.lafitness.com/Pages/MembershipSignUpRate.aspx?id=7HjYhRpwxGaeMFqPuoOHwg%3d%3d,,2026-09-01T01:55:20.031707+00:00,Access: State of Enrollment
LA Fitness,502,North Miami,"1801 NE 123rd St Suite 200, North Miami, FL 33181",Miami-Dade County,Official Florida club,Basic,,Standard advertised dues,29.99,Monthly,29.99,0.0,69.0,35.74,,,,Observed,Official LA Fitness membership signup flow,https://www.lafitness.com/Pages/MembershipSignUpRate.aspx?id=CKraIBssrzMC%2faDuoVbXmg%3d%3d,,2026-09-01T01:55:20.031707+00:00,Access: Club of Enrollment
LA Fitness,502,North Miami,"1801 NE 123rd St Suite 200, North Miami, FL 33181",Miami-Dade County,Official Florida club,Classic,,Standard advertised dues,29.99,Monthly,29.99,99.0,69.0,43.99,,,,Observed,Official LA Fitness membership signup flow,https://www.lafitness.com/Pages/MembershipSignUpRate.aspx?id=CKraIBssrzMC%2faDuoVbXmg%3d%3d,,2026-09-01T01:55:20.031707+00:00,Access: Nationwide Access
LA Fitness,502,North Miami,"1801 NE 123rd St Suite 200, North Miami, FL 33181",Miami-Dade County,Official Florida club,Classic,,Standard advertised dues,39.99,Monthly,39.99,0.0,69.0,45.74,,,,Observed,Official LA Fitness membership signup flow,https://www.lafitness.com/Pages/MembershipSignUpRate.aspx?id=CKraIBssrzMC%2faDuoVbXmg%3d%3d,,2026-09-01T01:55:20.031707+00:00,Access: Nationwide Access
LA Fitness,57,Fort Lauderdale,"3825 N. Federal Hwy., Oakland Park, FL 33308",Broward County,Official Florida club,Basic,,Standard advertised dues,29.99,Monthly,29.99,0.0,69.0,35.74,,,,Observed,Official LA Fitness membership signup flow,https://www.lafitness.com/Pages/MembershipSignUpRate.aspx?id=rcBYqNyetCGVtwSaYAOY3A%3d%3d,,2026-09-01T01:55:20.031707+00:00,Access: Club of Enrollment
LA Fitness,57,Fort Lauderdale,"3825 N. Federal Hwy., Oakland Park, FL 33308",Broward County,Official Florida club,Classic,,Standard advertised dues,79.0,Monthly,79.0,199.0,69.0,101.33,,,,Observed,Official LA Fitness membership signup flow,https://www.lafitness.com/Pages/MembershipSignUpRate.aspx?id=rcBYqNyetCGVtwSaYAOY3A%3d%3d,,2026-09-01T01:55:20.031707+00:00,Access: Multi Club; State of Enrollment
LA Fitness,57,Fort Lauderdale,"3825 N. Federal Hwy., Oakland Park, FL 33308",Broward County,Official Florida club,Classic,,Standard advertised dues,29.99,Monthly,29.99,99.0,69.0,43.99,,,,Observed,Official LA Fitness membership signup flow,https://www.lafitness.com/Pages/MembershipSignUpRate.aspx?id=rcBYqNyetCGVtwSaYAOY3A%3d%3d,,2026-09-01T01:55:20.031707+00:00,Access: State of Enrollment; Nationwide Access
LA Fitness,500,"Orange City, FL","2629 Enterprise Rd, Orange City, FL 32763",Volusia County,Official Florida club,Basic,,Standard advertised dues,29.99,Monthly,29.99,99.0,69.0,43.99,,,,Observed,Official LA Fitness membership signup flow,https://www.lafitness.com/Pages/MembershipSignUpRate.aspx?id=zx7JLqaT1dradX0wiKT2YQ%3d%3d,,2026-09-01T01:55:20.031707+00:00,Access: Nationwide Access
LA Fitness,500,"Orange City, FL","2629 Enterprise Rd, Orange City, FL 32763",Volusia County,Official Florida club,Classic,,Standard advertised dues,39.99,Monthly,39.99,0.0,69.0,45.74,,,,Observed,Official LA Fitness membership signup flow,https://www.lafitness.com/Pages/MembershipSignUpRate.aspx?id=zx7JLqaT1dradX0wiKT2YQ%3d%3d,,2026-09-01T01:55:20.031707+00:00,Access: Nationwide Access
LA Fitness,500,"Orange City, FL","2629 Enterprise Rd, Orange City, FL 32763",Volusia County,Official Florida club,Classic,,Standard advertised dues,0.0,Monthly,0.0,0.0,0.0,0.0,,,,Observed,Official LA Fitness membership signup flow,https://www.lafitness.com/Pages/MembershipSignUpRate.aspx?id=zx7JLqaT1dradX0wiKT2YQ%3d%3d,,2026-09-01T01:55:20.031707+00:00,Access:
LA Fitness,1041,Orange Park - Blanding Blvd.,"661 Blanding Blvd, Suite 800, Orange Park, FL 32073",Clay County,Official Florida club,Basic,,Standard advertised dues,29.99,Monthly,29.99,0.0,69.0,35.74,,,,Observed,Official LA Fitness membership signup flow,https://www.lafitness.com/Pages/MembershipSignUpRate.aspx?id=cHbBLOITbpTpIwurYZ%2bfmA%3d%3d,,2026-09-01T01:55:20.031707+00:00,Access: Club of Enrollment
LA Fitness,1041,Orange Park - Blanding Blvd.,"661 Blanding Blvd, Suite 800, Orange Park, FL 32073",Clay County,Official Florida club,Classic,,Standard advertised dues,29.99,Monthly,29.99,99.0,69.0,43.99,,,,Observed,Official LA Fitness membership signup flow,https://www.lafitness.com/Pages/MembershipSignUpRate.aspx?id=cHbBLOITbpTpIwurYZ%2bfmA%3d%3d,,2026-09-01T01:55:20.031707+00:00,Access: Nationwide Access
LA Fitness,1041,Orange Park - Blanding Blvd.,"661 Blanding Blvd, Suite 800, Orange Park, FL 32073",Clay County,Official Florida club,Classic,,Standard advertised dues,39.99,Monthly,39.99,0.0,69.0,45.74,,,,Observed,Official LA Fitness membership signup flow,https://www.lafitness.com/Pages/MembershipSignUpRate.aspx?id=cHbBLOITbpTpIwurYZ%2bfmA%3d%3d,,2026-09-01T01:55:20.031707+00:00,Access: Nationwide Access
LA Fitness,193,Hunters Creek,"12700 South Orange Blossom Trail, Orlando, FL 32837",Orange County,Official Florida club,Basic,,Standard advertised dues,29.99,Monthly,29.99,0.0,69.0,35.74,,,,Observed,Official LA Fitness membership signup flow,https://www.lafitness.com/Pages/MembershipSignUpRate.aspx?id=tuh7W%2fd%2bAOXlmES%2fmH6IuQ%3d%3d,,2026-09-01T01:55:20.031707+00:00,Access: Club of Enrollment
LA Fitness,193,Hunters Creek,"12700 South Orange Blossom Trail, Orlando, FL 32837",Orange County,Official Florida club,Classic,,Standard advertised dues,79.0,Monthly,79.0,199.0,69.0,101.33,,,,Observed,Official LA Fitness membership signup flow,https://www.lafitness.com/Pages/MembershipSignUpRate.aspx?id=tuh7W%2fd%2bAOXlmES%2fmH6IuQ%3d%3d,,2026-09-01T01:55:20.031707+00:00,Access: Multi Club; State of Enrollment
LA Fitness,193,Hunters Creek,"12700 South Orange Blossom Trail, Orlando, FL 32837",Orange County,Official Florida club,Classic,,Standard advertised dues,29.99,Monthly,29.99,99.0,69.0,43.99,,,,Observed,Official LA Fitness membership signup flow,https://www.lafitness.com/Pages/MembershipSignUpRate.aspx?id=tuh7W%2fd%2bAOXlmES%2fmH6IuQ%3d%3d,,2026-09-01T01:55:20.031707+00:00,Access: State of Enrollment; Nationwide Access
LA Fitness,242,Conway - Michigan,"4550 East Michigan Street, Orlando, FL 32812",Orange County,Official Florida club,Basic,,Standard advertised dues,29.99,Monthly,29.99,0.0,69.0,35.74,,,,Observed,Official LA Fitness membership signup flow,https://www.lafitness.com/Pages/MembershipSignUpRate.aspx?id=FrEpusSodkfecjzLjEW9%2fA%3d%3d,,2026-09-01T01:55:20.031707+00:00,Access: Club of Enrollment
LA Fitness,242,Conway - Michigan,"4550 East Michigan Street, Orlando, FL 32812",Orange County,Official Florida club,Classic,,Standard advertised dues,79.0,Monthly,79.0,199.0,69.0,101.33,,,,Observed,Official LA Fitness membership signup flow,https://www.lafitness.com/Pages/MembershipSignUpRate.aspx?id=FrEpusSodkfecjzLjEW9%2fA%3d%3d,,2026-09-01T01:55:20.031707+00:00,Access: Multi Club; State of Enrollment
LA Fitness,242,Conway - Michigan,"4550 East Michigan Street, Orlando, FL 32812",Orange County,Official Florida club,Classic,,Standard advertised dues,29.99,Monthly,29.99,99.0,69.0,43.99,,,,Observed,Official LA Fitness membership signup flow,https://www.lafitness.com/Pages/MembershipSignUpRate.aspx?id=FrEpusSodkfecjzLjEW9%2fA%3d%3d,,2026-09-01T01:55:20.031707+00:00,Access: State of Enrollment; Nationwide Access
LA Fitness,248,Waterford Lakes,"815 Alafaya Trail, Orlando, FL 32828",Orange County,Official Florida club,Basic,,Standard advertised dues,29.99,Monthly,29.99,0.0,69.0,35.74,,,,Observed,Official LA Fitness membership signup flow,https://www.lafitness.com/Pages/MembershipSignUpRate.aspx?id=fbWkoaZQ%2bWsX7WnmWBDhJQ%3d%3d,,2026-09-01T01:55:20.031707+00:00,Access: Club of Enrollment
LA Fitness,248,Waterford Lakes,"815 Alafaya Trail, Orlando, FL 32828",Orange County,Official Florida club,Classic,,Standard advertised dues,29.99,Monthly,29.99,99.0,69.0,43.99,,,,Observed,Official LA Fitness membership signup flow,https://www.lafitness.com/Pages/MembershipSignUpRate.aspx?id=fbWkoaZQ%2bWsX7WnmWBDhJQ%3d%3d,,2026-09-01T01:55:20.031707+00:00,Access: Nationwide Access
LA Fitness,248,Waterford Lakes,"815 Alafaya Trail, Orlando, FL 32828",Orange County,Official Florida club,Classic,,Standard advertised dues,39.99,Monthly,39.99,0.0,69.0,45.74,,,,Observed,Official LA Fitness membership signup flow,https://www.lafitness.com/Pages/MembershipSignUpRate.aspx?id=fbWkoaZQ%2bWsX7WnmWBDhJQ%3d%3d,,2026-09-01T01:55:20.031707+00:00,Access: Nationwide Access
LA Fitness,289,Colonial Drive East,"2999 E. Colonial, Orlando, FL 32803",Orange County,Official Florida club,Basic,,Standard advertised dues,29.99,Monthly,29.99,0.0,69.0,35.74,,,,Observed,Official LA Fitness membership signup flow,https://www.lafitness.com/Pages/MembershipSignUpRate.aspx?id=%2fHLv7WS6bsFGFYZ2%2fatFkg%3d%3d,,2026-09-01T01:55:20.031707+00:00,Access: Club of Enrollment
LA Fitness,289,Colonial Drive East,"2999 E. Colonial, Orlando, FL 32803",Orange County,Official Florida club,Classic,,Standard advertised dues,29.99,Monthly,29.99,99.0,69.0,43.99,,,,Observed,Official LA Fitness membership signup flow,https://www.lafitness.com/Pages/MembershipSignUpRate.aspx?id=%2fHLv7WS6bsFGFYZ2%2fatFkg%3d%3d,,2026-09-01T01:55:20.031707+00:00,Access: Nationwide Access
LA Fitness,289,Colonial Drive East,"2999 E. Colonial, Orlando, FL 32803",Orange County,Official Florida club,Classic,,Standard advertised dues,39.99,Monthly,39.99,0.0,69.0,45.74,,,,Observed,Official LA Fitness membership signup flow,https://www.lafitness.com/Pages/MembershipSignUpRate.aspx?id=%2fHLv7WS6bsFGFYZ2%2fatFkg%3d%3d,,2026-09-01T01:55:20.031707+00:00,Access: Nationwide Access
LA Fitness,925,Orlando - Goldenrod Rd.,"5915 South Goldenrod Road, Orlando, FL 32822",Orange County,Official Florida club,Basic,,Standard advertised dues,29.99,Monthly,29.99,0.0,69.0,35.74,,,,Observed,Official LA Fitness membership signup flow,https://www.lafitness.com/Pages/MembershipSignUpRate.aspx?id=veaZyDkfl3nejzf181Bxtg%3d%3d,,2026-09-01T01:55:20.031707+00:00,Access: Club of Enrollment
LA Fitness,925,Orlando - Goldenrod Rd.,"5915 South Goldenrod Road, Orlando, FL 32822",Orange County,Official Florida club,Classic,,Standard advertised dues,29.99,Monthly,29.99,99.0,69.0,43.99,,,,Observed,Official LA Fitness membership signup flow,https://www.lafitness.com/Pages/MembershipSignUpRate.aspx?id=veaZyDkfl3nejzf181Bxtg%3d%3d,,2026-09-01T01:55:20.031707+00:00,Access: Nationwide Access
LA Fitness,925,Orlando - Goldenrod Rd.,"5915 South Goldenrod Road, Orlando, FL 32822",Orange County,Official Florida club,Classic,,Standard advertised dues,39.99,Monthly,39.99,0.0,69.0,45.74,,,,Observed,Official LA Fitness membership signup flow,https://www.lafitness.com/Pages/MembershipSignUpRate.aspx?id=veaZyDkfl3nejzf181Bxtg%3d%3d,,2026-09-01T01:55:20.031707+00:00,Access: Nationwide Access
LA Fitness,1058,Orlando Metro West,"4792 S. Kirkman Road, Orlando, FL 32811",Orange County,Official Florida club,Basic,,Standard advertised dues,29.99,Monthly,29.99,0.0,69.0,35.74,,,,Observed,Official LA Fitness membership signup flow,https://www.lafitness.com/Pages/MembershipSignUpRate.aspx?id=CvpaYq8EnIm2DiA2tlxh%2bw%3d%3d,,2026-09-01T01:55:20.031707+00:00,Access: Club of Enrollment
LA Fitness,1058,Orlando Metro West,"4792 S. Kirkman Road, Orlando, FL 32811",Orange County,Official Florida club,Classic,,Standard advertised dues,79.0,Monthly,79.0,199.0,69.0,101.33,,,,Observed,Official LA Fitness membership signup flow,https://www.lafitness.com/Pages/MembershipSignUpRate.aspx?id=CvpaYq8EnIm2DiA2tlxh%2bw%3d%3d,,2026-09-01T01:55:20.031707+00:00,Access: Multi Club; State of Enrollment
LA Fitness,1058,Orlando Metro West,"4792 S. Kirkman Road, Orlando, FL 32811",Orange County,Official Florida club,Classic,,Standard advertised dues,29.99,Monthly,29.99,99.0,69.0,43.99,,,,Observed,Official LA Fitness membership signup flow,https://www.lafitness.com/Pages/MembershipSignUpRate.aspx?id=CvpaYq8EnIm2DiA2tlxh%2bw%3d%3d,,2026-09-01T01:55:20.031707+00:00,Access: State of Enrollment; Nationwide Access
LA Fitness,1254,Orlando - Goldenrod Rd. AT 408,"189 South Goldenrod Rd, Orlando, FL 32807",Orange County,Official Florida club,,,,,,,,,,,,,Request failed,Official LA Fitness membership signup flow,,,2026-09-01T01:55:20.031707+00:00,SSLError: [SSL: SSLV3_ALERT_BAD_RECORD_MAC] ssl/tls alert bad record mac (_ssl.c:2713)
LA Fitness,1381,Orlando-Orange Ave,"15 W Crystal Lake St, Orlando, FL 32806",Orange County,Official Florida club,Basic,,Standard advertised dues,29.99,Monthly,29.99,0.0,69.0,35.74,,,,Observed,Official LA Fitness membership signup flow,https://www.lafitness.com/Pages/MembershipSignUpRate.aspx?id=l%2fc70PoVWqF5Ls287vrs%2fA%3d%3d,,2026-09-01T01:55:20.031707+00:00,Access: Club of Enrollment
LA Fitness,1381,Orlando-Orange Ave,"15 W Crystal Lake St, Orlando, FL 32806",Orange County,Official Florida club,Classic,,Standard advertised dues,29.99,Monthly,29.99,99.0,69.0,43.99,,,,Observed,Official LA Fitness membership signup flow,https://www.lafitness.com/Pages/MembershipSignUpRate.aspx?id=l%2fc70PoVWqF5Ls287vrs%2fA%3d%3d,,2026-09-01T01:55:20.031707+00:00,Access: Nationwide Access
LA Fitness,1381,Orlando-Orange Ave,"15 W Crystal Lake St, Orlando, FL 32806",Orange County,Official Florida club,Classic,,Standard advertised dues,39.99,Monthly,39.99,0.0,69.0,45.74,,,,Observed,Official LA Fitness membership signup flow,https://www.lafitness.com/Pages/MembershipSignUpRate.aspx?id=l%2fc70PoVWqF5Ls287vrs%2fA%3d%3d,,2026-09-01T01:55:20.031707+00:00,Access: Nationwide Access
LA Fitness,288,Oviedo,"199 Mitchell Hammock Road, Oviedo, FL 32765",Seminole County,Official Florida club,Basic,,Standard advertised dues,29.99,Monthly,29.99,0.0,69.0,35.74,,,,Observed,Official LA Fitness membership signup flow,https://www.lafitness.com/Pages/MembershipSignUpRate.aspx?id=afinihyekM8Ba01gjca24Q%3d%3d,,2026-09-01T01:55:20.031707+00:00,Access: Club of Enrollment
LA Fitness,288,Oviedo,"199 Mitchell Hammock Road, Oviedo, FL 32765",Seminole County,Official Florida club,Classic,,Standard advertised dues,29.99,Monthly,29.99,99.0,69.0,43.99,,,,Observed,Official LA Fitness membership signup flow,https://www.lafitness.com/Pages/MembershipSignUpRate.aspx?id=afinihyekM8Ba01gjca24Q%3d%3d,,2026-09-01T01:55:20.031707+00:00,Access: Nationwide Access
LA Fitness,288,Oviedo,"199 Mitchell Hammock Road, Oviedo, FL 32765",Seminole County,Official Florida club,Classic,,Standard advertised dues,39.99,Monthly,39.99,0.0,69.0,45.74,,,,Observed,Official LA Fitness membership signup flow,https://www.lafitness.com/Pages/MembershipSignUpRate.aspx?id=afinihyekM8Ba01gjca24Q%3d%3d,,2026-09-01T01:55:20.031707+00:00,Access: Nationwide Access
LA Fitness,272,Palm Beach Gardens/Lake Park,"3176 Northlake Blvd, Palm Beach Gardens, FL 33403",Palm Beach County,Official Florida club,Basic,,Standard advertised dues,29.99,Monthly,29.99,0.0,69.0,35.74,,,,Observed,Official LA Fitness membership signup flow,https://www.lafitness.com/Pages/MembershipSignUpRate.aspx?id=RhQLS0rXm%2fuijxqlBMLm6g%3d%3d,,2026-09-01T01:55:20.031707+00:00,Access: Club of Enrollment
LA Fitness,272,Palm Beach Gardens/Lake Park,"3176 Northlake Blvd, Palm Beach Gardens, FL 33403",Palm Beach County,Official Florida club,Classic,,Standard advertised dues,79.0,Monthly,79.0,199.0,69.0,101.33,,,,Observed,Official LA Fitness membership signup flow,https://www.lafitness.com/Pages/MembershipSignUpRate.aspx?id=RhQLS0rXm%2fuijxqlBMLm6g%3d%3d,,2026-09-01T01:55:20.031707+00:00,Access: Multi Club; State of Enrollment
LA Fitness,272,Palm Beach Gardens/Lake Park,"3176 Northlake Blvd, Palm Beach Gardens, FL 33403",Palm Beach County,Official Florida club,Classic,,Standard advertised dues,29.99,Monthly,29.99,99.0,69.0,43.99,,,,Observed,Official LA Fitness membership signup flow,https://www.lafitness.com/Pages/MembershipSignUpRate.aspx?id=RhQLS0rXm%2fuijxqlBMLm6g%3d%3d,,2026-09-01T01:55:20.031707+00:00,Access: State of Enrollment; Nationwide Access
LA Fitness,1243,Palm Beach Gardens-Donald Ross (Signature),"5260 Donald Ross Rd, Palm Beach Gardens, FL 33418",Palm Beach County,Official Florida club,Basic,,Standard advertised dues,29.99,Monthly,29.99,0.0,69.0,35.74,,,,Observed,Official LA Fitness membership signup flow,https://www.lafitness.com/Pages/MembershipSignUpRate.aspx?id=NDr%2bssv46VirxPmKmSy5jA%3d%3d,,2026-09-01T01:55:20.031707+00:00,Access: Club of Enrollment
LA Fitness,1243,Palm Beach Gardens-Donald Ross (Signature),"5260 Donald Ross Rd, Palm Beach Gardens, FL 33418",Palm Beach County,Official Florida club,Classic,,Standard advertised dues,29.99,Monthly,29.99,99.0,69.0,43.99,,,,Observed,Official LA Fitness membership signup flow,https://www.lafitness.com/Pages/MembershipSignUpRate.aspx?id=NDr%2bssv46VirxPmKmSy5jA%3d%3d,,2026-09-01T01:55:20.031707+00:00,Access: Nationwide Access
LA Fitness,1243,Palm Beach Gardens-Donald Ross (Signature),"5260 Donald Ross Rd, Palm Beach Gardens, FL 33418",Palm Beach County,Official Florida club,Classic,,Standard advertised dues,39.99,Monthly,39.99,0.0,69.0,45.74,,,,Observed,Official LA Fitness membership signup flow,https://www.lafitness.com/Pages/MembershipSignUpRate.aspx?id=NDr%2bssv46VirxPmKmSy5jA%3d%3d,,2026-09-01T01:55:20.031707+00:00,Access: Nationwide Access
LA Fitness,32,E Pembroke Pines-N University,"350 N. University Drive, Pembroke Pines, FL 33024",Broward County,Official Florida club,Basic,,Standard advertised dues,29.99,Monthly,29.99,0.0,69.0,35.74,,,,Observed,Official LA Fitness membership signup flow,https://www.lafitness.com/Pages/MembershipSignUpRate.aspx?id=E98lfzphRKqRSuINfzg1rQ%3d%3d,,2026-09-01T01:55:20.031707+00:00,Access: Club of Enrollment
LA Fitness,32,E Pembroke Pines-N University,"350 N. University Drive, Pembroke Pines, FL 33024",Broward County,Official Florida club,Classic,,Standard advertised dues,29.99,Monthly,29.99,99.0,69.0,43.99,,,,Observed,Official LA Fitness membership signup flow,https://www.lafitness.com/Pages/MembershipSignUpRate.aspx?id=E98lfzphRKqRSuINfzg1rQ%3d%3d,,2026-09-01T01:55:20.031707+00:00,Access: Nationwide Access
LA Fitness,32,E Pembroke Pines-N University,"350 N. University Drive, Pembroke Pines, FL 33024",Broward County,Official Florida club,Classic,,Standard advertised dues,39.99,Monthly,39.99,0.0,69.0,45.74,,,,Observed,Official LA Fitness membership signup flow,https://www.lafitness.com/Pages/MembershipSignUpRate.aspx?id=E98lfzphRKqRSuINfzg1rQ%3d%3d,,2026-09-01T01:55:20.031707+00:00,Access: Nationwide Access
LA Fitness,402,Pembroke Pines - 184th,"18445 Pines Blvd., Pembroke Pines, FL 33029",Broward County,Official Florida club,Basic,,Standard advertised dues,29.99,Monthly,29.99,0.0,69.0,35.74,,,,Observed,Official LA Fitness membership signup flow,https://www.lafitness.com/Pages/MembershipSignUpRate.aspx?id=vm283FH5%2fpHokJqNZ369hg%3d%3d,,2026-09-01T01:55:20.031707+00:00,Access: Club of Enrollment
LA Fitness,402,Pembroke Pines - 184th,"18445 Pines Blvd., Pembroke Pines, FL 33029",Broward County,Official Florida club,Classic,,Standard advertised dues,29.99,Monthly,29.99,99.0,69.0,43.99,,,,Observed,Official LA Fitness membership signup flow,https://www.lafitness.com/Pages/MembershipSignUpRate.aspx?id=vm283FH5%2fpHokJqNZ369hg%3d%3d,,2026-09-01T01:55:20.031707+00:00,Access: Nationwide Access
LA Fitness,402,Pembroke Pines - 184th,"18445 Pines Blvd., Pembroke Pines, FL 33029",Broward County,Official Florida club,Classic,,Standard advertised dues,39.99,Monthly,39.99,0.0,69.0,45.74,,,,Observed,Official LA Fitness membership signup flow,https://www.lafitness.com/Pages/MembershipSignUpRate.aspx?id=vm283FH5%2fpHokJqNZ369hg%3d%3d,,2026-09-01T01:55:20.031707+00:00,Access: Nationwide Access
LA Fitness,972,Plantation - S. University Dr.,"1041 South University Dr, Plantation, FL 33324",Broward County,Official Florida club,Basic,,Standard advertised dues,29.99,Monthly,29.99,0.0,69.0,35.74,,,,Observed,Official LA Fitness membership signup flow,https://www.lafitness.com/Pages/MembershipSignUpRate.aspx?id=BkFZnRYBqL8KqMdLZxUmJA%3d%3d,,2026-09-01T01:55:20.031707+00:00,Access: Club of Enrollment
LA Fitness,972,Plantation - S. University Dr.,"1041 South University Dr, Plantation, FL 33324",Broward County,Official Florida club,Classic,,Standard advertised dues,29.99,Monthly,29.99,99.0,69.0,43.99,,,,Observed,Official LA Fitness membership signup flow,https://www.lafitness.com/Pages/MembershipSignUpRate.aspx?id=BkFZnRYBqL8KqMdLZxUmJA%3d%3d,,2026-09-01T01:55:20.031707+00:00,Access: Nationwide Access
LA Fitness,972,Plantation - S. University Dr.,"1041 South University Dr, Plantation, FL 33324",Broward County,Official Florida club,Classic,,Standard advertised dues,39.99,Monthly,39.99,0.0,69.0,45.74,,,,Observed,Official LA Fitness membership signup flow,https://www.lafitness.com/Pages/MembershipSignUpRate.aspx?id=BkFZnRYBqL8KqMdLZxUmJA%3d%3d,,2026-09-01T01:55:20.031707+00:00,Access: Nationwide Access
LA Fitness,1167,Pompano Beach,"1000 North Federal Highway, Pompano Beach, FL 33062",Broward County,Official Florida club,Basic,,Standard advertised dues,29.99,Monthly,29.99,0.0,69.0,35.74,,,,Observed,Official LA Fitness membership signup flow,https://www.lafitness.com/Pages/MembershipSignUpRate.aspx?id=I9S1z5pDGNOcO1UN2PAg7g%3d%3d,,2026-09-01T01:55:20.031707+00:00,Access: Club of Enrollment
LA Fitness,1167,Pompano Beach,"1000 North Federal Highway, Pompano Beach, FL 33062",Broward County,Official Florida club,Classic,,Standard advertised dues,29.99,Monthly,29.99,99.0,69.0,43.99,,,,Observed,Official LA Fitness membership signup flow,https://www.lafitness.com/Pages/MembershipSignUpRate.aspx?id=I9S1z5pDGNOcO1UN2PAg7g%3d%3d,,2026-09-01T01:55:20.031707+00:00,Access: Nationwide Access
LA Fitness,1167,Pompano Beach,"1000 North Federal Highway, Pompano Beach, FL 33062",Broward County,Official Florida club,Classic,,Standard advertised dues,39.99,Monthly,39.99,0.0,69.0,45.74,,,,Observed,Official LA Fitness membership signup flow,https://www.lafitness.com/Pages/MembershipSignUpRate.aspx?id=I9S1z5pDGNOcO1UN2PAg7g%3d%3d,,2026-09-01T01:55:20.031707+00:00,Access: Nationwide Access
LA Fitness,1067,Port Orange,"1810 Dunlawton Ave, Port Orange, FL 32127",Volusia County,Official Florida club,Basic,,Standard advertised dues,29.99,Monthly,29.99,0.0,69.0,35.74,,,,Observed,Official LA Fitness membership signup flow,https://www.lafitness.com/Pages/MembershipSignUpRate.aspx?id=VV7OEFCgEeYRc6PsfeUZ7w%3d%3d,,2026-09-01T01:55:20.031707+00:00,Access: Club of Enrollment
LA Fitness,1067,Port Orange,"1810 Dunlawton Ave, Port Orange, FL 32127",Volusia County,Official Florida club,Classic,,Standard advertised dues,79.0,Monthly,79.0,199.0,69.0,101.33,,,,Observed,Official LA Fitness membership signup flow,https://www.lafitness.com/Pages/MembershipSignUpRate.aspx?id=VV7OEFCgEeYRc6PsfeUZ7w%3d%3d,,2026-09-01T01:55:20.031707+00:00,Access: Multi Club; State of Enrollment
LA Fitness,1067,Port Orange,"1810 Dunlawton Ave, Port Orange, FL 32127",Volusia County,Official Florida club,Classic,,Standard advertised dues,29.99,Monthly,29.99,99.0,69.0,43.99,,,,Observed,Official LA Fitness membership signup flow,https://www.lafitness.com/Pages/MembershipSignUpRate.aspx?id=VV7OEFCgEeYRc6PsfeUZ7w%3d%3d,,2026-09-01T01:55:20.031707+00:00,Access: State of Enrollment; Nationwide Access
LA Fitness,1073,Port St Lucie - St Lucie W Blvd,"1367 NW St Lucie West Blvd, Port St Lucie, FL 34986",St. Lucie County,Official Florida club,Basic,,Standard advertised dues,29.99,Monthly,29.99,0.0,69.0,35.74,,,,Observed,Official LA Fitness membership signup flow,https://www.lafitness.com/Pages/MembershipSignUpRate.aspx?id=yiqdsQwzXupGvELBDY%2bEug%3d%3d,,2026-09-01T01:55:20.031707+00:00,Access: Club of Enrollment
LA Fitness,1073,Port St Lucie - St Lucie W Blvd,"1367 NW St Lucie West Blvd, Port St Lucie, FL 34986",St. Lucie County,Official Florida club,Classic,,Standard advertised dues,29.99,Monthly,29.99,99.0,69.0,43.99,,,,Observed,Official LA Fitness membership signup flow,https://www.lafitness.com/Pages/MembershipSignUpRate.aspx?id=yiqdsQwzXupGvELBDY%2bEug%3d%3d,,2026-09-01T01:55:20.031707+00:00,Access: Nationwide Access
LA Fitness,1073,Port St Lucie - St Lucie W Blvd,"1367 NW St Lucie West Blvd, Port St Lucie, FL 34986",St. Lucie County,Official Florida club,Classic,,Standard advertised dues,39.99,Monthly,39.99,0.0,69.0,45.74,,,,Observed,Official LA Fitness membership signup flow,https://www.lafitness.com/Pages/MembershipSignUpRate.aspx?id=yiqdsQwzXupGvELBDY%2bEug%3d%3d,,2026-09-01T01:55:20.031707+00:00,Access: Nationwide Access
LA Fitness,1246,Sanford,"300 W Lake Mary Blvd, Sanford, FL 32773",Seminole County,Official Florida club,Basic,,Standard advertised dues,29.99,Monthly,29.99,0.0,69.0,35.74,,,,Observed,Official LA Fitness membership signup flow,https://www.lafitness.com/Pages/MembershipSignUpRate.aspx?id=RlgcoOFuihofmA%2bBfn4dCw%3d%3d,,2026-09-01T01:55:20.031707+00:00,Access: Club of Enrollment
LA Fitness,1246,Sanford,"300 W Lake Mary Blvd, Sanford, FL 32773",Seminole County,Official Florida club,Classic,,Standard advertised dues,29.99,Monthly,29.99,99.0,69.0,43.99,,,,Observed,Official LA Fitness membership signup flow,https://www.lafitness.com/Pages/MembershipSignUpRate.aspx?id=RlgcoOFuihofmA%2bBfn4dCw%3d%3d,,2026-09-01T01:55:20.031707+00:00,Access: Nationwide Access
LA Fitness,1246,Sanford,"300 W Lake Mary Blvd, Sanford, FL 32773",Seminole County,Official Florida club,Classic,,Standard advertised dues,39.99,Monthly,39.99,0.0,69.0,45.74,,,,Observed,Official LA Fitness membership signup flow,https://www.lafitness.com/Pages/MembershipSignUpRate.aspx?id=RlgcoOFuihofmA%2bBfn4dCw%3d%3d,,2026-09-01T01:55:20.031707+00:00,Access: Nationwide Access
LA Fitness,652,Sarasota Bee Ridge @ I-75,"4057 Cattlemen Road, Sarasota, FL 34233",Sarasota County,Official Florida club,Basic,,Standard advertised dues,29.99,Monthly,29.99,99.0,69.0,43.99,,,,Observed,Official LA Fitness membership signup flow,https://www.lafitness.com/Pages/MembershipSignUpRate.aspx?id=FjcTF45jfvwEpPdgvc0TjA%3d%3d,,2026-09-01T01:55:20.031707+00:00,Access: Nationwide Access
LA Fitness,652,Sarasota Bee Ridge @ I-75,"4057 Cattlemen Road, Sarasota, FL 34233",Sarasota County,Official Florida club,Classic,,Standard advertised dues,39.99,Monthly,39.99,0.0,69.0,45.74,,,,Observed,Official LA Fitness membership signup flow,https://www.lafitness.com/Pages/MembershipSignUpRate.aspx?id=FjcTF45jfvwEpPdgvc0TjA%3d%3d,,2026-09-01T01:55:20.031707+00:00,Access: Nationwide Access
LA Fitness,652,Sarasota Bee Ridge @ I-75,"4057 Cattlemen Road, Sarasota, FL 34233",Sarasota County,Official Florida club,Classic,,Standard advertised dues,0.0,Monthly,0.0,0.0,0.0,0.0,,,,Observed,Official LA Fitness membership signup flow,https://www.lafitness.com/Pages/MembershipSignUpRate.aspx?id=FjcTF45jfvwEpPdgvc0TjA%3d%3d,,2026-09-01T01:55:20.031707+00:00,Access:
LA Fitness,1193,Seminole - Park Blvd,"7635 113th Street, Seminole, FL 33772",Pinellas County,Official Florida club,Basic,,Standard advertised dues,29.99,Monthly,29.99,99.0,69.0,43.99,,,,Observed,Official LA Fitness membership signup flow,https://www.lafitness.com/Pages/MembershipSignUpRate.aspx?id=KmisRYADrph9O7j54O3CeA%3d%3d,,2026-09-01T01:55:20.031707+00:00,Access: Nationwide Access
LA Fitness,1193,Seminole - Park Blvd,"7635 113th Street, Seminole, FL 33772",Pinellas County,Official Florida club,Classic,,Standard advertised dues,39.99,Monthly,39.99,0.0,69.0,45.74,,,,Observed,Official LA Fitness membership signup flow,https://www.lafitness.com/Pages/MembershipSignUpRate.aspx?id=KmisRYADrph9O7j54O3CeA%3d%3d,,2026-09-01T01:55:20.031707+00:00,Access: Nationwide Access
LA Fitness,1193,Seminole - Park Blvd,"7635 113th Street, Seminole, FL 33772",Pinellas County,Official Florida club,Classic,,Standard advertised dues,0.0,Monthly,0.0,0.0,0.0,0.0,,,,Observed,Official LA Fitness membership signup flow,https://www.lafitness.com/Pages/MembershipSignUpRate.aspx?id=KmisRYADrph9O7j54O3CeA%3d%3d,,2026-09-01T01:55:20.031707+00:00,Access:
LA Fitness,952,St. Petersburg @ 4th St. North,"5900 4th St. N., St. Petersburg, FL 33703",Pinellas County,Official Florida club,Basic,,Standard advertised dues,29.99,Monthly,29.99,99.0,69.0,43.99,,,,Observed,Official LA Fitness membership signup flow,https://www.lafitness.com/Pages/MembershipSignUpRate.aspx?id=lw7MZvGFOJ5Enk94%2fW5UGA%3d%3d,,2026-09-01T01:55:20.031707+00:00,Access: Nationwide Access
LA Fitness,952,St. Petersburg @ 4th St. North,"5900 4th St. N., St. Petersburg, FL 33703",Pinellas County,Official Florida club,Classic,,Standard advertised dues,39.99,Monthly,39.99,0.0,69.0,45.74,,,,Observed,Official LA Fitness membership signup flow,https://www.lafitness.com/Pages/MembershipSignUpRate.aspx?id=lw7MZvGFOJ5Enk94%2fW5UGA%3d%3d,,2026-09-01T01:55:20.031707+00:00,Access: Nationwide Access
LA Fitness,952,St. Petersburg @ 4th St. North,"5900 4th St. N., St. Petersburg, FL 33703",Pinellas County,Official Florida club,Classic,,Standard advertised dues,0.0,Monthly,0.0,0.0,0.0,0.0,,,,Observed,Official LA Fitness membership signup flow,https://www.lafitness.com/Pages/MembershipSignUpRate.aspx?id=lw7MZvGFOJ5Enk94%2fW5UGA%3d%3d,,2026-09-01T01:55:20.031707+00:00,Access:
LA Fitness,621,St. Petersburg @ 22nd Ave North,"7044 22nd Avenue North, St. Petersburg, FL 33710",Pinellas County,Official Florida club,Basic,,Standard advertised dues,79.0,Monthly,79.0,199.0,69.0,101.33,,,,Observed,Official LA Fitness membership signup flow,https://www.lafitness.com/Pages/MembershipSignUpRate.aspx?id=RxSFQMjXbNiimKnEjEYdjg%3d%3d,,2026-09-01T01:55:20.031707+00:00,Access: Multi Club; State of Enrollment
LA Fitness,621,St. Petersburg @ 22nd Ave North,"7044 22nd Avenue North, St. Petersburg, FL 33710",Pinellas County,Official Florida club,Classic,,Standard advertised dues,29.99,Monthly,29.99,99.0,69.0,43.99,,,,Observed,Official LA Fitness membership signup flow,https://www.lafitness.com/Pages/MembershipSignUpRate.aspx?id=RxSFQMjXbNiimKnEjEYdjg%3d%3d,,2026-09-01T01:55:20.031707+00:00,Access: Nationwide Access
LA Fitness,621,St. Petersburg @ 22nd Ave North,"7044 22nd Avenue North, St. Petersburg, FL 33710",Pinellas County,Official Florida club,Classic,,Standard advertised dues,0.0,Monthly,0.0,0.0,0.0,0.0,,,,Observed,Official LA Fitness membership signup flow,https://www.lafitness.com/Pages/MembershipSignUpRate.aspx?id=RxSFQMjXbNiimKnEjEYdjg%3d%3d,,2026-09-01T01:55:20.031707+00:00,Access: State of Enrollment
LA Fitness,240,Sawgrass,"13999 West Sunrise Blvd, Sunrise, FL 33323",Broward County,Official Florida club,Basic,,Standard advertised dues,29.99,Monthly,29.99,0.0,69.0,35.74,,,,Observed,Official LA Fitness membership signup flow,https://www.lafitness.com/Pages/MembershipSignUpRate.aspx?id=vA%2fdrM9SAq8C30dGmLLXwA%3d%3d,,2026-09-01T01:55:20.031707+00:00,Access: Club of Enrollment
LA Fitness,240,Sawgrass,"13999 West Sunrise Blvd, Sunrise, FL 33323",Broward County,Official Florida club,Classic,,Standard advertised dues,29.99,Monthly,29.99,99.0,69.0,43.99,,,,Observed,Official LA Fitness membership signup flow,https://www.lafitness.com/Pages/MembershipSignUpRate.aspx?id=vA%2fdrM9SAq8C30dGmLLXwA%3d%3d,,2026-09-01T01:55:20.031707+00:00,Access: Nationwide Access
LA Fitness,240,Sawgrass,"13999 West Sunrise Blvd, Sunrise, FL 33323",Broward County,Official Florida club,Classic,,Standard advertised dues,39.99,Monthly,39.99,0.0,69.0,45.74,,,,Observed,Official LA Fitness membership signup flow,https://www.lafitness.com/Pages/MembershipSignUpRate.aspx?id=vA%2fdrM9SAq8C30dGmLLXwA%3d%3d,,2026-09-01T01:55:20.031707+00:00,Access: Nationwide Access
LA Fitness,550,New Tampa,"6411 County Line Rd East, Tampa, FL 33647",Hillsborough County,Official Florida club,Basic,,Standard advertised dues,29.99,Monthly,29.99,99.0,69.0,43.99,,,,Observed,Official LA Fitness membership signup flow,https://www.lafitness.com/Pages/MembershipSignUpRate.aspx?id=i%2fa3o3dVuSNGJduX0PlanQ%3d%3d,,2026-09-01T01:55:20.031707+00:00,Access: Nationwide Access
LA Fitness,550,New Tampa,"6411 County Line Rd East, Tampa, FL 33647",Hillsborough County,Official Florida club,Classic,,Standard advertised dues,39.99,Monthly,39.99,0.0,69.0,45.74,,,,Observed,Official LA Fitness membership signup flow,https://www.lafitness.com/Pages/MembershipSignUpRate.aspx?id=i%2fa3o3dVuSNGJduX0PlanQ%3d%3d,,2026-09-01T01:55:20.031707+00:00,Access: Nationwide Access
LA Fitness,550,New Tampa,"6411 County Line Rd East, Tampa, FL 33647",Hillsborough County,Official Florida club,Classic,,Standard advertised dues,0.0,Monthly,0.0,0.0,0.0,0.0,,,,Observed,Official LA Fitness membership signup flow,https://www.lafitness.com/Pages/MembershipSignUpRate.aspx?id=i%2fa3o3dVuSNGJduX0PlanQ%3d%3d,,2026-09-01T01:55:20.031707+00:00,Access:
LA Fitness,919,Tampa-S Dale Mabry Hwy (Signature),"301 S Dale Mabry Hwy, Tampa, FL 33609",Hillsborough County,Official Florida club,Basic,,Standard advertised dues,29.99,Monthly,29.99,99.0,69.0,43.99,,,,Observed,Official LA Fitness membership signup flow,https://www.lafitness.com/Pages/MembershipSignUpRate.aspx?id=jzEFfnrSUa7Qxf5M%2fmw1bA%3d%3d,,2026-09-01T01:55:20.031707+00:00,Access: Nationwide Access
LA Fitness,919,Tampa-S Dale Mabry Hwy (Signature),"301 S Dale Mabry Hwy, Tampa, FL 33609",Hillsborough County,Official Florida club,Classic,,Standard advertised dues,39.99,Monthly,39.99,0.0,69.0,45.74,,,,Observed,Official LA Fitness membership signup flow,https://www.lafitness.com/Pages/MembershipSignUpRate.aspx?id=jzEFfnrSUa7Qxf5M%2fmw1bA%3d%3d,,2026-09-01T01:55:20.031707+00:00,Access: Nationwide Access
LA Fitness,919,Tampa-S Dale Mabry Hwy (Signature),"301 S Dale Mabry Hwy, Tampa, FL 33609",Hillsborough County,Official Florida club,Classic,,Standard advertised dues,0.0,Monthly,0.0,0.0,0.0,0.0,,,,Observed,Official LA Fitness membership signup flow,https://www.lafitness.com/Pages/MembershipSignUpRate.aspx?id=jzEFfnrSUa7Qxf5M%2fmw1bA%3d%3d,,2026-09-01T01:55:20.031707+00:00,Access:
LA Fitness,941,Tampa - Gunn Hwy.,"5735 Gunn Highway, Tampa, FL 33625",Hillsborough County,Official Florida club,Basic,,Standard advertised dues,79.0,Monthly,79.0,199.0,69.0,101.33,,,,Observed,Official LA Fitness membership signup flow,https://www.lafitness.com/Pages/MembershipSignUpRate.aspx?id=QqsNm4%2fdDGdvPUBeHR5y0g%3d%3d,,2026-09-01T01:55:20.031707+00:00,Access: Multi Club; State of Enrollment
LA Fitness,941,Tampa - Gunn Hwy.,"5735 Gunn Highway, Tampa, FL 33625",Hillsborough County,Official Florida club,Classic,,Standard advertised dues,29.99,Monthly,29.99,99.0,69.0,43.99,,,,Observed,Official LA Fitness membership signup flow,https://www.lafitness.com/Pages/MembershipSignUpRate.aspx?id=QqsNm4%2fdDGdvPUBeHR5y0g%3d%3d,,2026-09-01T01:55:20.031707+00:00,Access: Nationwide Access
LA Fitness,941,Tampa - Gunn Hwy.,"5735 Gunn Highway, Tampa, FL 33625",Hillsborough County,Official Florida club,Classic,,Standard advertised dues,0.0,Monthly,0.0,0.0,0.0,0.0,,,,Observed,Official LA Fitness membership signup flow,https://www.lafitness.com/Pages/MembershipSignUpRate.aspx?id=QqsNm4%2fdDGdvPUBeHR5y0g%3d%3d,,2026-09-01T01:55:20.031707+00:00,Access: State of Enrollment
LA Fitness,962,Tampa @ West Hillsborough Ave,"11252 West Hillsborough Ave., Tampa, FL 33635",Hillsborough County,Official Florida club,Basic,,Standard advertised dues,79.0,Monthly,79.0,199.0,69.0,101.33,,,,Observed,Official LA Fitness membership signup flow,https://www.lafitness.com/Pages/MembershipSignUpRate.aspx?id=utu21akakYFBQdE5N0BlwQ%3d%3d,,2026-09-01T01:55:20.031707+00:00,Access: Multi Club; State of Enrollment
LA Fitness,962,Tampa @ West Hillsborough Ave,"11252 West Hillsborough Ave., Tampa, FL 33635",Hillsborough County,Official Florida club,Classic,,Standard advertised dues,29.99,Monthly,29.99,99.0,69.0,43.99,,,,Observed,Official LA Fitness membership signup flow,https://www.lafitness.com/Pages/MembershipSignUpRate.aspx?id=utu21akakYFBQdE5N0BlwQ%3d%3d,,2026-09-01T01:55:20.031707+00:00,Access: Nationwide Access
LA Fitness,962,Tampa @ West Hillsborough Ave,"11252 West Hillsborough Ave., Tampa, FL 33635",Hillsborough County,Official Florida club,Classic,,Standard advertised dues,39.99,Monthly,39.99,0.0,69.0,45.74,,,,Observed,Official LA Fitness membership signup flow,https://www.lafitness.com/Pages/MembershipSignUpRate.aspx?id=utu21akakYFBQdE5N0BlwQ%3d%3d,,2026-09-01T01:55:20.031707+00:00,Access: State of Enrollment; Nationwide Access
LA Fitness,1161,Tampa - Cypress Preserve Dr,"5225 Cypress Preserve Drive, Tampa, FL 33647",Hillsborough County,Official Florida club,Basic,,Standard advertised dues,29.99,Monthly,29.99,99.0,69.0,43.99,,,,Observed,Official LA Fitness membership signup flow,https://www.lafitness.com/Pages/MembershipSignUpRate.aspx?id=U1NY4bk99PZEj0EVOp%2bjHQ%3d%3d,,2026-09-01T01:55:20.031707+00:00,Access: Nationwide Access
LA Fitness,1161,Tampa - Cypress Preserve Dr,"5225 Cypress Preserve Drive, Tampa, FL 33647",Hillsborough County,Official Florida club,Classic,,Standard advertised dues,39.99,Monthly,39.99,0.0,69.0,45.74,,,,Observed,Official LA Fitness membership signup flow,https://www.lafitness.com/Pages/MembershipSignUpRate.aspx?id=U1NY4bk99PZEj0EVOp%2bjHQ%3d%3d,,2026-09-01T01:55:20.031707+00:00,Access: Nationwide Access
LA Fitness,1161,Tampa - Cypress Preserve Dr,"5225 Cypress Preserve Drive, Tampa, FL 33647",Hillsborough County,Official Florida club,Classic,,Standard advertised dues,0.0,Monthly,0.0,0.0,0.0,0.0,,,,Observed,Official LA Fitness membership signup flow,https://www.lafitness.com/Pages/MembershipSignUpRate.aspx?id=U1NY4bk99PZEj0EVOp%2bjHQ%3d%3d,,2026-09-01T01:55:20.031707+00:00,Access:
LA Fitness,907,University Park - Cooper Creek,"8502 Cooper Creek Blvd, University Park, FL 34201",Manatee County,Official Florida club,Basic,,Standard advertised dues,29.99,Monthly,29.99,99.0,69.0,43.99,,,,Observed,Official LA Fitness membership signup flow,https://www.lafitness.com/Pages/MembershipSignUpRate.aspx?id=qd4%2fMwl%2f8eB4gju04U3Srw%3d%3d,,2026-09-01T01:55:20.031707+00:00,Access: Nationwide Access
LA Fitness,907,University Park - Cooper Creek,"8502 Cooper Creek Blvd, University Park, FL 34201",Manatee County,Official Florida club,Classic,,Standard advertised dues,39.99,Monthly,39.99,0.0,69.0,45.74,,,,Observed,Official LA Fitness membership signup flow,https://www.lafitness.com/Pages/MembershipSignUpRate.aspx?id=qd4%2fMwl%2f8eB4gju04U3Srw%3d%3d,,2026-09-01T01:55:20.031707+00:00,Access: Nationwide Access
LA Fitness,907,University Park - Cooper Creek,"8502 Cooper Creek Blvd, University Park, FL 34201",Manatee County,Official Florida club,Classic,,Standard advertised dues,0.0,Monthly,0.0,0.0,0.0,0.0,,,,Observed,Official LA Fitness membership signup flow,https://www.lafitness.com/Pages/MembershipSignUpRate.aspx?id=qd4%2fMwl%2f8eB4gju04U3Srw%3d%3d,,2026-09-01T01:55:20.031707+00:00,Access:
LA Fitness,634,Valrico @ State Road 60 E,"1930 State Road 60 E, Valrico, FL 33594",Hillsborough County,Official Florida club,Basic,,Standard advertised dues,29.99,Monthly,29.99,99.0,69.0,43.99,,,,Observed,Official LA Fitness membership signup flow,https://www.lafitness.com/Pages/MembershipSignUpRate.aspx?id=wjH89WGytWee5Q%2bQOJZN7A%3d%3d,,2026-09-01T01:55:20.031707+00:00,Access: Nationwide Access
LA Fitness,634,Valrico @ State Road 60 E,"1930 State Road 60 E, Valrico, FL 33594",Hillsborough County,Official Florida club,Classic,,Standard advertised dues,39.99,Monthly,39.99,0.0,69.0,45.74,,,,Observed,Official LA Fitness membership signup flow,https://www.lafitness.com/Pages/MembershipSignUpRate.aspx?id=wjH89WGytWee5Q%2bQOJZN7A%3d%3d,,2026-09-01T01:55:20.031707+00:00,Access: Nationwide Access
LA Fitness,634,Valrico @ State Road 60 E,"1930 State Road 60 E, Valrico, FL 33594",Hillsborough County,Official Florida club,Classic,,Standard advertised dues,0.0,Monthly,0.0,0.0,0.0,0.0,,,,Observed,Official LA Fitness membership signup flow,https://www.lafitness.com/Pages/MembershipSignUpRate.aspx?id=wjH89WGytWee5Q%2bQOJZN7A%3d%3d,,2026-09-01T01:55:20.031707+00:00,Access:
LA Fitness,54,Pembroke Pines West/Flamingo,"1900 N. Flamingo Road, W. Pembroke, FL 33028",Broward County,Official Florida club,Basic,,Standard advertised dues,29.99,Monthly,29.99,0.0,69.0,35.74,,,,Observed,Official LA Fitness membership signup flow,https://www.lafitness.com/Pages/MembershipSignUpRate.aspx?id=OugTU%2bS7ChMZ2jpRCMjpzA%3d%3d,,2026-09-01T01:55:20.031707+00:00,Access: Club of Enrollment
LA Fitness,54,Pembroke Pines West/Flamingo,"1900 N. Flamingo Road, W. Pembroke, FL 33028",Broward County,Official Florida club,Classic,,Standard advertised dues,29.99,Monthly,29.99,99.0,69.0,43.99,,,,Observed,Official LA Fitness membership signup flow,https://www.lafitness.com/Pages/MembershipSignUpRate.aspx?id=OugTU%2bS7ChMZ2jpRCMjpzA%3d%3d,,2026-09-01T01:55:20.031707+00:00,Access: Nationwide Access
LA Fitness,54,Pembroke Pines West/Flamingo,"1900 N. Flamingo Road, W. Pembroke, FL 33028",Broward County,Official Florida club,Classic,,Standard advertised dues,39.99,Monthly,39.99,0.0,69.0,45.74,,,,Observed,Official LA Fitness membership signup flow,https://www.lafitness.com/Pages/MembershipSignUpRate.aspx?id=OugTU%2bS7ChMZ2jpRCMjpzA%3d%3d,,2026-09-01T01:55:20.031707+00:00,Access: Nationwide Access
LA Fitness,196,Wellington,"10180 Forest Hill Blvd., Wellington, FL 33414",Palm Beach County,Official Florida club,,,,,,,,,,,,,No rate found,Official LA Fitness membership signup flow,https://www.lafitness.com/Pages/MembershipSignUpRate.aspx?id=CiI364LYZ%2bJvR2K2z%2fRGfQ%3d%3d,,2026-09-01T01:55:20.031707+00:00,
LA Fitness,1111,Melbourne - Hollywood Blvd,"4454 Hollywood Blvd, West Melbourne, FL 32904",Brevard County,Official Florida club,Basic,,Standard advertised dues,29.99,Monthly,29.99,0.0,69.0,35.74,,,,Observed,Official LA Fitness membership signup flow,https://www.lafitness.com/Pages/MembershipSignUpRate.aspx?id=sT2UQkzjhd0xl463mW3gAw%3d%3d,,2026-09-01T01:55:20.031707+00:00,Access: Club of Enrollment
LA Fitness,1111,Melbourne - Hollywood Blvd,"4454 Hollywood Blvd, West Melbourne, FL 32904",Brevard County,Official Florida club,Classic,,Standard advertised dues,79.0,Monthly,79.0,199.0,69.0,101.33,,,,Observed,Official LA Fitness membership signup flow,https://www.lafitness.com/Pages/MembershipSignUpRate.aspx?id=sT2UQkzjhd0xl463mW3gAw%3d%3d,,2026-09-01T01:55:20.031707+00:00,Access: Multi Club; State of Enrollment
LA Fitness,1111,Melbourne - Hollywood Blvd,"4454 Hollywood Blvd, West Melbourne, FL 32904",Brevard County,Official Florida club,Classic,,Standard advertised dues,29.99,Monthly,29.99,99.0,69.0,43.99,,,,Observed,Official LA Fitness membership signup flow,https://www.lafitness.com/Pages/MembershipSignUpRate.aspx?id=sT2UQkzjhd0xl463mW3gAw%3d%3d,,2026-09-01T01:55:20.031707+00:00,Access: State of Enrollment; Nationwide Access
LA Fitness,192,W Palm Beach / N Military Trail,"1925 N. Military Trail, West Palm Beach, FL 33409",Palm Beach County,Official Florida club,Basic,,Standard advertised dues,29.99,Monthly,29.99,0.0,69.0,35.74,,,,Observed,Official LA Fitness membership signup flow,https://www.lafitness.com/Pages/MembershipSignUpRate.aspx?id=RtWv%2b0fiQjqiiA9jEQ5wdw%3d%3d,,2026-09-01T01:55:20.031707+00:00,Access: Club of Enrollment
LA Fitness,192,W Palm Beach / N Military Trail,"1925 N. Military Trail, West Palm Beach, FL 33409",Palm Beach County,Official Florida club,Classic,,Standard advertised dues,29.99,Monthly,29.99,99.0,69.0,43.99,,,,Observed,Official LA Fitness membership signup flow,https://www.lafitness.com/Pages/MembershipSignUpRate.aspx?id=RtWv%2b0fiQjqiiA9jEQ5wdw%3d%3d,,2026-09-01T01:55:20.031707+00:00,Access: Nationwide Access
LA Fitness,192,W Palm Beach / N Military Trail,"1925 N. Military Trail, West Palm Beach, FL 33409",Palm Beach County,Official Florida club,Classic,,Standard advertised dues,39.99,Monthly,39.99,0.0,69.0,45.74,,,,Observed,Official LA Fitness membership signup flow,https://www.lafitness.com/Pages/MembershipSignUpRate.aspx?id=RtWv%2b0fiQjqiiA9jEQ5wdw%3d%3d,,2026-09-01T01:55:20.031707+00:00,Access: Nationwide Access
LA Fitness,696,Windermere (Signature),"4768 The Grove Drive, Windermere, FL 34786",Orange County,Official Florida club,Basic,,Standard advertised dues,29.99,Monthly,29.99,0.0,69.0,35.74,,,,Observed,Official LA Fitness membership signup flow,https://www.lafitness.com/Pages/MembershipSignUpRate.aspx?id=QK3x%2fT2%2fKVQvmmqB9RawFw%3d%3d,,2026-09-01T01:55:20.031707+00:00,Access: Club of Enrollment
LA Fitness,696,Windermere (Signature),"4768 The Grove Drive, Windermere, FL 34786",Orange County,Official Florida club,Classic,,Standard advertised dues,79.0,Monthly,79.0,199.0,69.0,101.33,,,,Observed,Official LA Fitness membership signup flow,https://www.lafitness.com/Pages/MembershipSignUpRate.aspx?id=QK3x%2fT2%2fKVQvmmqB9RawFw%3d%3d,,2026-09-01T01:55:20.031707+00:00,Access: Multi Club; State of Enrollment
LA Fitness,696,Windermere (Signature),"4768 The Grove Drive, Windermere, FL 34786",Orange County,Official Florida club,Classic,,Standard advertised dues,29.99,Monthly,29.99,99.0,69.0,43.99,,,,Observed,Official LA Fitness membership signup flow,https://www.lafitness.com/Pages/MembershipSignUpRate.aspx?id=QK3x%2fT2%2fKVQvmmqB9RawFw%3d%3d,,2026-09-01T01:55:20.031707+00:00,Access: State of Enrollment; Nationwide Access
LA Fitness,963,Winter Garden,"3029 Daniels Rd., Winter Garden, FL 34787",Orange County,Official Florida club,Basic,,Standard advertised dues,29.99,Monthly,29.99,0.0,69.0,35.74,,,,Observed,Official LA Fitness membership signup flow,https://www.lafitness.com/Pages/MembershipSignUpRate.aspx?id=4oL4dZzD31aQQ14ikiK9OA%3d%3d,,2026-09-01T01:55:20.031707+00:00,Access: Club of Enrollment
LA Fitness,963,Winter Garden,"3029 Daniels Rd., Winter Garden, FL 34787",Orange County,Official Florida club,Classic,,Standard advertised dues,29.99,Monthly,29.99,99.0,69.0,43.99,,,,Observed,Official LA Fitness membership signup flow,https://www.lafitness.com/Pages/MembershipSignUpRate.aspx?id=4oL4dZzD31aQQ14ikiK9OA%3d%3d,,2026-09-01T01:55:20.031707+00:00,Access: Nationwide Access
LA Fitness,963,Winter Garden,"3029 Daniels Rd., Winter Garden, FL 34787",Orange County,Official Florida club,Classic,,Standard advertised dues,39.99,Monthly,39.99,0.0,69.0,45.74,,,,Observed,Official LA Fitness membership signup flow,https://www.lafitness.com/Pages/MembershipSignUpRate.aspx?id=4oL4dZzD31aQQ14ikiK9OA%3d%3d,,2026-09-01T01:55:20.031707+00:00,Access: Nationwide Access
LA Fitness,965,Winter Park @ Orlando / Webster,"501 North Orlando Ave., Unit #219, Winter Park, FL 32789",Orange County,Official Florida club,Basic,,Standard advertised dues,29.99,Monthly,29.99,0.0,69.0,35.74,,,,Observed,Official LA Fitness membership signup flow,https://www.lafitness.com/Pages/MembershipSignUpRate.aspx?id=Q9M1GbJ4ZywxDxj4yf1F6Q%3d%3d,,2026-09-01T01:55:20.031707+00:00,Access: Club of Enrollment
LA Fitness,965,Winter Park @ Orlando / Webster,"501 North Orlando Ave., Unit #219, Winter Park, FL 32789",Orange County,Official Florida club,Classic,,Standard advertised dues,79.0,Monthly,79.0,199.0,69.0,101.33,,,,Observed,Official LA Fitness membership signup flow,https://www.lafitness.com/Pages/MembershipSignUpRate.aspx?id=Q9M1GbJ4ZywxDxj4yf1F6Q%3d%3d,,2026-09-01T01:55:20.031707+00:00,Access: Multi Club; State of Enrollment
LA Fitness,965,Winter Park @ Orlando / Webster,"501 North Orlando Ave., Unit #219, Winter Park, FL 32789",Orange County,Official Florida club,Classic,,Standard advertised dues,29.99,Monthly,29.99,99.0,69.0,43.99,,,,Observed,Official LA Fitness membership signup flow,https://www.lafitness.com/Pages/MembershipSignUpRate.aspx?id=Q9M1GbJ4ZywxDxj4yf1F6Q%3d%3d,,2026-09-01T01:55:20.031707+00:00,Access: State of Enrollment; Nationwide Access
Planet Fitness,,Planet Fitness - official published starting rate,,,Chainwide published floor (not county-specific),Classic,,Official published starting rate,15.0,Monthly,15.0,,49.0,19.083333333333332,,,,Observed published baseline,Official Planet Fitness membership page,https://www.planetfitness.com/gym-memberships/,,2026-09-01T01:59:02.586924+00:00,Planet Fitness states that prices vary by location; this is a chainwide starting floor and is excluded from county averages.
Planet Fitness,,Planet Fitness - official published starting rate,,,Chainwide published floor (not county-specific),PF Black Card,,Official published starting rate,24.99,Monthly,24.99,,49.0,29.07333333333333,,,,Observed published baseline,Official Planet Fitness membership page,https://www.planetfitness.com/gym-memberships/,,2026-09-01T01:59:02.586924+00:00,Planet Fitness states that prices vary by location; this is a chainwide starting floor and is excluded from county averages.
YouFit,6440,Coral Springs,"8301 W Atlantic Blvd, Coral Springs, FL, 33071",Broward County,Official Florida club,PREMIUM+,MONTH-TO-MONTH,Standard scheduled dues,15.0,Bi-Weekly,32.5,1.0,,32.58,,2 Weeks Free,,Observed,Official YouFit enrollment API,https://jolapi.youfit.com/api/Plans/GetMemberShipPlan?clubnumber=6440,https://join.youfit.com/coral-springs,2026-09-01T01:59:02.586924+00:00,Official YouFit enrollment API. clubFeeTotalAmount reported as 64.19; stored in notes rather than relabeled as an annual fee.
YouFit,6440,Coral Springs,"8301 W Atlantic Blvd, Coral Springs, FL, 33071",Broward County,Official Florida club,PREMIUM ,MONTH-TO-MONTH,Standard scheduled dues,10.0,Bi-Weekly,21.67,19.0,,23.25,,2 Week Free!!,,Observed,Official YouFit enrollment API,https://jolapi.youfit.com/api/Plans/GetMemberShipPlan?clubnumber=6440,https://join.youfit.com/coral-springs,2026-09-01T01:59:02.586924+00:00,Official YouFit enrollment API. clubFeeTotalAmount reported as 64.19; stored in notes rather than relabeled as an annual fee.
YouFit,6440,Coral Springs,"8301 W Atlantic Blvd, Coral Springs, FL, 33071",Broward County,Official Florida club,BASIC,12-MONTH,Standard scheduled dues,5.0,Bi-Weekly,10.83,39.0,,14.08,,EVERYDAY LOW PRICE!!,,Observed,Official YouFit enrollment API,https://jolapi.youfit.com/api/Plans/GetMemberShipPlan?clubnumber=6440,https://join.youfit.com/coral-springs,2026-09-01T01:59:02.586924+00:00,Official YouFit enrollment API. clubFeeTotalAmount reported as 64.19; stored in notes rather than relabeled as an annual fee.
YouFit,6443,South Pompano,"401 S Federal Hwy, Pompano Beach, FL, 33062",Broward County,Official Florida club,PREMIUM+,MONTH-TO-MONTH,Standard scheduled dues,15.0,Bi-Weekly,32.5,1.0,,32.58,,2 Weeks Free,,Observed,Official YouFit enrollment API,https://jolapi.youfit.com/api/Plans/GetMemberShipPlan?clubnumber=6443,https://join.youfit.com/south-pompano-beach,2026-09-01T01:59:02.586924+00:00,Official YouFit enrollment API. clubFeeTotalAmount reported as 64.19; stored in notes rather than relabeled as an annual fee.
YouFit,6443,South Pompano,"401 S Federal Hwy, Pompano Beach, FL, 33062",Broward County,Official Florida club,PREMIUM ,MONTH-TO-MONTH,Standard scheduled dues,10.0,Bi-Weekly,21.67,19.0,,23.25,,2 Week Free!!,,Observed,Official YouFit enrollment API,https://jolapi.youfit.com/api/Plans/GetMemberShipPlan?clubnumber=6443,https://join.youfit.com/south-pompano-beach,2026-09-01T01:59:02.586924+00:00,Official YouFit enrollment API. clubFeeTotalAmount reported as 64.19; stored in notes rather than relabeled as an annual fee.
YouFit,6443,South Pompano,"401 S Federal Hwy, Pompano Beach, FL, 33062",Broward County,Official Florida club,BASIC,12-MONTH,Standard scheduled dues,5.0,Bi-Weekly,10.83,39.0,,14.08,,EVERYDAY LOW PRICE!!,,Observed,Official YouFit enrollment API,https://jolapi.youfit.com/api/Plans/GetMemberShipPlan?clubnumber=6443,https://join.youfit.com/south-pompano-beach,2026-09-01T01:59:02.586924+00:00,Official YouFit enrollment API. clubFeeTotalAmount reported as 64.19; stored in notes rather than relabeled as an annual fee.
YouFit,7335,Coral Springs,"9535 Westview Drive, Coral Springs, FL, 33076",Broward County,Official Florida club,,,,,,,,,,,,,No rate found,Official YouFit enrollment API,https://jolapi.youfit.com/api/Plans/GetMemberShipPlan?clubnumber=7335,https://join.youfit.com/parkland,2026-09-01T01:59:02.586924+00:00,
YouFit,7360,Winter Park,"7706 University Blvd., Winter Park, FL, 32792",Orange County,Official Florida club,PREMIUM+,MONTH-TO-MONTH,Standard scheduled dues,15.0,Bi-Weekly,32.5,1.0,,32.58,,2 Weeks Free,,Observed,Official YouFit enrollment API,https://jolapi.youfit.com/api/Plans/GetMemberShipPlan?clubnumber=7360,https://join.youfit.com/winter-park,2026-09-01T01:59:02.586924+00:00,Official YouFit enrollment API. clubFeeTotalAmount reported as 63.89; stored in notes rather than relabeled as an annual fee.
YouFit,7360,Winter Park,"7706 University Blvd., Winter Park, FL, 32792",Orange County,Official Florida club,PREMIUM ,MONTH-TO-MONTH,Standard scheduled dues,10.0,Bi-Weekly,21.67,19.0,,23.25,,2 Week Free!!,,Observed,Official YouFit enrollment API,https://jolapi.youfit.com/api/Plans/GetMemberShipPlan?clubnumber=7360,https://join.youfit.com/winter-park,2026-09-01T01:59:02.586924+00:00,Official YouFit enrollment API. clubFeeTotalAmount reported as 63.89; stored in notes rather than relabeled as an annual fee.
YouFit,7360,Winter Park,"7706 University Blvd., Winter Park, FL, 32792",Orange County,Official Florida club,BASIC,12-MONTH,Standard scheduled dues,5.0,Bi-Weekly,10.83,39.0,,14.08,,EVERYDAY LOW PRICE!!,,Observed,Official YouFit enrollment API,https://jolapi.youfit.com/api/Plans/GetMemberShipPlan?clubnumber=7360,https://join.youfit.com/winter-park,2026-09-01T01:59:02.586924+00:00,Official YouFit enrollment API. clubFeeTotalAmount reported as 63.89; stored in notes rather than relabeled as an annual fee.
YouFit,7388,North Pompano,"3555 N Federal Hwy, Pompano Beach, FL, 33064",Broward County,Official Florida club,PREMIUM+,MONTH-TO-MONTH,Standard scheduled dues,15.0,Bi-Weekly,32.5,1.0,,32.58,,2 Weeks Free,,Observed,Official YouFit enrollment API,https://jolapi.youfit.com/api/Plans/GetMemberShipPlan?clubnumber=7388,https://join.youfit.com/north-pompano-beach,2026-09-01T01:59:02.586924+00:00,Official YouFit enrollment API. clubFeeTotalAmount reported as 64.19; stored in notes rather than relabeled as an annual fee.
YouFit,7388,North Pompano,"3555 N Federal Hwy, Pompano Beach, FL, 33064",Broward County,Official Florida club,PREMIUM ,MONTH-TO-MONTH,Standard scheduled dues,10.0,Bi-Weekly,21.67,19.0,,23.25,,2 Week Free!!,,Observed,Official YouFit enrollment API,https://jolapi.youfit.com/api/Plans/GetMemberShipPlan?clubnumber=7388,https://join.youfit.com/north-pompano-beach,2026-09-01T01:59:02.586924+00:00,Official YouFit enrollment API. clubFeeTotalAmount reported as 64.19; stored in notes rather than relabeled as an annual fee.
YouFit,7388,North Pompano,"3555 N Federal Hwy, Pompano Beach, FL, 33064",Broward County,Official Florida club,BASIC,12-MONTH,Standard scheduled dues,5.0,Bi-Weekly,10.83,39.0,,14.08,,EVERYDAY LOW PRICE!!,,Observed,Official YouFit enrollment API,https://jolapi.youfit.com/api/Plans/GetMemberShipPlan?clubnumber=7388,https://join.youfit.com/north-pompano-beach,2026-09-01T01:59:02.586924+00:00,Official YouFit enrollment API. clubFeeTotalAmount reported as 64.19; stored in notes rather than relabeled as an annual fee.
YouFit,7392,Margate,"3133 N State Road 7, Margate, FL, 33063",Broward County,Official Florida club,PREMIUM+,MONTH-TO-MONTH,Standard scheduled dues,15.0,Bi-Weekly,32.5,1.0,,32.58,,2 Weeks Free,,Observed,Official YouFit enrollment API,https://jolapi.youfit.com/api/Plans/GetMemberShipPlan?clubnumber=7392,https://join.youfit.com/margate,2026-09-01T01:59:02.586924+00:00,Official YouFit enrollment API. clubFeeTotalAmount reported as 64.19; stored in notes rather than relabeled as an annual fee.
YouFit,7392,Margate,"3133 N State Road 7, Margate, FL, 33063",Broward County,Official Florida club,PREMIUM ,MONTH-TO-MONTH,Standard scheduled dues,10.0,Bi-Weekly,21.67,19.0,,23.25,,2 Week Free!!,,Observed,Official YouFit enrollment API,https://jolapi.youfit.com/api/Plans/GetMemberShipPlan?clubnumber=7392,https://join.youfit.com/margate,2026-09-01T01:59:02.586924+00:00,Official YouFit enrollment API. clubFeeTotalAmount reported as 64.19; stored in notes rather than relabeled as an annual fee.
YouFit,7392,Margate,"3133 N State Road 7, Margate, FL, 33063",Broward County,Official Florida club,BASIC,12-MONTH,Standard scheduled dues,5.0,Bi-Weekly,10.83,39.0,,14.08,,EVERYDAY LOW PRICE!!,,Observed,Official YouFit enrollment API,https://jolapi.youfit.com/api/Plans/GetMemberShipPlan?clubnumber=7392,https://join.youfit.com/margate,2026-09-01T01:59:02.586924+00:00,Official YouFit enrollment API. clubFeeTotalAmount reported as 64.19; stored in notes rather than relabeled as an annual fee.
YouFit,7447,Lauderdale Lakes,"3708 West Oakland Park Blvd, Lauderdale Lakes, FL, 33311",Broward County,Official Florida club,PREMIUM+,MONTH-TO-MONTH,Standard scheduled dues,15.0,Bi-Weekly,32.5,1.0,,32.58,,2 Weeks Free,,Observed,Official YouFit enrollment API,https://jolapi.youfit.com/api/Plans/GetMemberShipPlan?clubnumber=7447,https://join.youfit.com/lauderdale-lakes,2026-09-01T01:59:02.586924+00:00,Official YouFit enrollment API. clubFeeTotalAmount reported as 64.19; stored in notes rather than relabeled as an annual fee.
YouFit,7447,Lauderdale Lakes,"3708 West Oakland Park Blvd, Lauderdale Lakes, FL, 33311",Broward County,Official Florida club,PREMIUM ,MONTH-TO-MONTH,Standard scheduled dues,10.0,Bi-Weekly,21.67,19.0,,23.25,,2 Week Free!!,,Observed,Official YouFit enrollment API,https://jolapi.youfit.com/api/Plans/GetMemberShipPlan?clubnumber=7447,https://join.youfit.com/lauderdale-lakes,2026-09-01T01:59:02.586924+00:00,Official YouFit enrollment API. clubFeeTotalAmount reported as 64.19; stored in notes rather than relabeled as an annual fee.
YouFit,7447,Lauderdale Lakes,"3708 West Oakland Park Blvd, Lauderdale Lakes, FL, 33311",Broward County,Official Florida club,BASIC,12-MONTH,Standard scheduled dues,5.0,Bi-Weekly,10.83,39.0,,14.08,,EVERYDAY LOW PRICE!!,,Observed,Official YouFit enrollment API,https://jolapi.youfit.com/api/Plans/GetMemberShipPlan?clubnumber=7447,https://join.youfit.com/lauderdale-lakes,2026-09-01T01:59:02.586924+00:00,Official YouFit enrollment API. clubFeeTotalAmount reported as 64.19; stored in notes rather than relabeled as an annual fee.
YouFit,7457,Orlando Orange,"2847 S. Orange Ave, Orlando, FL, 32806",Orange County,Official Florida club,,,,,,,,,,,,,No rate found,Official YouFit enrollment API,https://jolapi.youfit.com/api/Plans/GetMemberShipPlan?clubnumber=7457,https://join.youfit.com/orlando-orange-ave,2026-09-01T01:59:02.586924+00:00,
YouFit,7460,Altamonte Springs,"140 Cranes Roost Blvd, Altamonte Springs, FL, 32701",Seminole County,Official Florida club,PREMIUM+,MONTH-TO-MONTH,Standard scheduled dues,15.0,Bi-Weekly,32.5,1.0,,32.58,,2 Weeks Free,,Observed,Official YouFit enrollment API,https://jolapi.youfit.com/api/Plans/GetMemberShipPlan?clubnumber=7460,https://join.youfit.com/altamonte-springs,2026-09-01T01:59:02.586924+00:00,Official YouFit enrollment API. clubFeeTotalAmount reported as 64.19; stored in notes rather than relabeled as an annual fee.
YouFit,7460,Altamonte Springs,"140 Cranes Roost Blvd, Altamonte Springs, FL, 32701",Seminole County,Official Florida club,PREMIUM ,MONTH-TO-MONTH,Standard scheduled dues,10.0,Bi-Weekly,21.67,19.0,,23.25,,2 Week Free!!,,Observed,Official YouFit enrollment API,https://jolapi.youfit.com/api/Plans/GetMemberShipPlan?clubnumber=7460,https://join.youfit.com/altamonte-springs,2026-09-01T01:59:02.586924+00:00,Official YouFit enrollment API. clubFeeTotalAmount reported as 64.19; stored in notes rather than relabeled as an annual fee.
YouFit,7460,Altamonte Springs,"140 Cranes Roost Blvd, Altamonte Springs, FL, 32701",Seminole County,Official Florida club,BASIC,12-MONTH,Standard scheduled dues,5.0,Bi-Weekly,10.83,39.0,,14.08,,EVERYDAY LOW PRICE!!,,Observed,Official YouFit enrollment API,https://jolapi.youfit.com/api/Plans/GetMemberShipPlan?clubnumber=7460,https://join.youfit.com/altamonte-springs,2026-09-01T01:59:02.586924+00:00,Official YouFit enrollment API. clubFeeTotalAmount reported as 64.19; stored in notes rather than relabeled as an annual fee.
YouFit,7762,Orlando Colonial,"11849 E Colonial Drive, Orlando, FL, 32826",Orange County,Official Florida club,PREMIUM+,MONTH-TO-MONTH,Standard scheduled dues,15.0,Bi-Weekly,32.5,1.0,,32.58,,2 Weeks Free,,Observed,Official YouFit enrollment API,https://jolapi.youfit.com/api/Plans/GetMemberShipPlan?clubnumber=7762,https://join.youfit.com/orlando-colonial-dr,2026-09-01T01:59:02.586924+00:00,Official YouFit enrollment API. clubFeeTotalAmount reported as 63.89; stored in notes rather than relabeled as an annual fee.
YouFit,7762,Orlando Colonial,"11849 E Colonial Drive, Orlando, FL, 32826",Orange County,Official Florida club,PREMIUM ,MONTH-TO-MONTH,Standard scheduled dues,10.0,Bi-Weekly,21.67,19.0,,23.25,,2 Week Free!!,,Observed,Official YouFit enrollment API,https://jolapi.youfit.com/api/Plans/GetMemberShipPlan?clubnumber=7762,https://join.youfit.com/orlando-colonial-dr,2026-09-01T01:59:02.586924+00:00,Official YouFit enrollment API. clubFeeTotalAmount reported as 63.89; stored in notes rather than relabeled as an annual fee.
YouFit,7762,Orlando Colonial,"11849 E Colonial Drive, Orlando, FL, 32826",Orange County,Official Florida club,BASIC,12-MONTH,Standard scheduled dues,5.0,Bi-Weekly,10.83,39.0,,14.08,,EVERYDAY LOW PRICE!!,,Observed,Official YouFit enrollment API,https://jolapi.youfit.com/api/Plans/GetMemberShipPlan?clubnumber=7762,https://join.youfit.com/orlando-colonial-dr,2026-09-01T01:59:02.586924+00:00,Official YouFit enrollment API. clubFeeTotalAmount reported as 63.89; stored in notes rather than relabeled as an annual fee.
YouFit,7788,North Lauderdale,"7346 West Mcnab Rd., North Lauderdale, FL, 33068",Broward County,Official Florida club,PREMIUM+,MONTH-TO-MONTH,Standard scheduled dues,15.0,Bi-Weekly,32.5,1.0,,32.58,,2 Weeks Free,,Observed,Official YouFit enrollment API,https://jolapi.youfit.com/api/Plans/GetMemberShipPlan?clubnumber=7788,https://join.youfit.com/north-lauderdale,2026-09-01T01:59:02.586924+00:00,Official YouFit enrollment API. clubFeeTotalAmount reported as 64.19; stored in notes rather than relabeled as an annual fee.
YouFit,7788,North Lauderdale,"7346 West Mcnab Rd., North Lauderdale, FL, 33068",Broward County,Official Florida club,PREMIUM ,MONTH-TO-MONTH,Standard scheduled dues,10.0,Bi-Weekly,21.67,19.0,,23.25,,2 Week Free!!,,Observed,Official YouFit enrollment API,https://jolapi.youfit.com/api/Plans/GetMemberShipPlan?clubnumber=7788,https://join.youfit.com/north-lauderdale,2026-09-01T01:59:02.586924+00:00,Official YouFit enrollment API. clubFeeTotalAmount reported as 64.19; stored in notes rather than relabeled as an annual fee.
YouFit,7788,North Lauderdale,"7346 West Mcnab Rd., North Lauderdale, FL, 33068",Broward County,Official Florida club,BASIC,12-MONTH,Standard scheduled dues,5.0,Bi-Weekly,10.83,39.0,,14.08,,EVERYDAY LOW PRICE!!,,Observed,Official YouFit enrollment API,https://jolapi.youfit.com/api/Plans/GetMemberShipPlan?clubnumber=7788,https://join.youfit.com/north-lauderdale,2026-09-01T01:59:02.586924+00:00,Official YouFit enrollment API. clubFeeTotalAmount reported as 64.19; stored in notes rather than relabeled as an annual fee.
YouFit,7736,Gainesville,"3045 SW 34th Street, Gainesville, FL, 32608",Alachua County,Official Florida club,,,,,,,,,,,,,No rate found,Official YouFit enrollment API,https://jolapi.youfit.com/api/Plans/GetMemberShipPlan?clubnumber=7736,https://join.youfit.com/gainesville,2026-09-01T01:59:02.586924+00:00,
YouFit,6439,Sunrise,"2101 N University Drive, Sunrise, FL, 33322",Broward County,Official Florida club,PREMIUM+,MONTH-TO-MONTH,Standard scheduled dues,15.0,Bi-Weekly,32.5,1.0,,32.58,,2 Weeks Free,,Observed,Official YouFit enrollment API,https://jolapi.youfit.com/api/Plans/GetMemberShipPlan?clubnumber=6439,https://join.youfit.com/sunrise,2026-09-01T01:59:02.586924+00:00,Official YouFit enrollment API. clubFeeTotalAmount reported as 64.19; stored in notes rather than relabeled as an annual fee.
YouFit,6439,Sunrise,"2101 N University Drive, Sunrise, FL, 33322",Broward County,Official Florida club,PREMIUM ,MONTH-TO-MONTH,Standard scheduled dues,10.0,Bi-Weekly,21.67,19.0,,23.25,,2 Week Free!!,,Observed,Official YouFit enrollment API,https://jolapi.youfit.com/api/Plans/GetMemberShipPlan?clubnumber=6439,https://join.youfit.com/sunrise,2026-09-01T01:59:02.586924+00:00,Official YouFit enrollment API. clubFeeTotalAmount reported as 64.19; stored in notes rather than relabeled as an annual fee.
YouFit,6439,Sunrise,"2101 N University Drive, Sunrise, FL, 33322",Broward County,Official Florida club,BASIC,12-MONTH,Standard scheduled dues,5.0,Bi-Weekly,10.83,39.0,,14.08,,EVERYDAY LOW PRICE!!,,Observed,Official YouFit enrollment API,https://jolapi.youfit.com/api/Plans/GetMemberShipPlan?clubnumber=6439,https://join.youfit.com/sunrise,2026-09-01T01:59:02.586924+00:00,Official YouFit enrollment API. clubFeeTotalAmount reported as 64.19; stored in notes rather than relabeled as an annual fee.
YouFit,6441,Pembroke Pines Taft,"9057 Taft St, Pembroke Pines, FL, 33024",Broward County,Official Florida club,PREMIUM+,MONTH-TO-MONTH,Standard scheduled dues,15.0,Bi-Weekly,32.5,1.0,,32.58,,2 Weeks Free,,Observed,Official YouFit enrollment API,https://jolapi.youfit.com/api/Plans/GetMemberShipPlan?clubnumber=6441,https://join.youfit.com/pembroke-pines-taft-st,2026-09-01T01:59:02.586924+00:00,Official YouFit enrollment API. clubFeeTotalAmount reported as 64.19; stored in notes rather than relabeled as an annual fee.
YouFit,6441,Pembroke Pines Taft,"9057 Taft St, Pembroke Pines, FL, 33024",Broward County,Official Florida club,PREMIUM ,MONTH-TO-MONTH,Standard scheduled dues,10.0,Bi-Weekly,21.67,19.0,,23.25,,2 Week Free!!,,Observed,Official YouFit enrollment API,https://jolapi.youfit.com/api/Plans/GetMemberShipPlan?clubnumber=6441,https://join.youfit.com/pembroke-pines-taft-st,2026-09-01T01:59:02.586924+00:00,Official YouFit enrollment API. clubFeeTotalAmount reported as 64.19; stored in notes rather than relabeled as an annual fee.
YouFit,6441,Pembroke Pines Taft,"9057 Taft St, Pembroke Pines, FL, 33024",Broward County,Official Florida club,BASIC,12-MONTH,Standard scheduled dues,5.0,Bi-Weekly,10.83,39.0,,14.08,,EVERYDAY LOW PRICE!!,,Observed,Official YouFit enrollment API,https://jolapi.youfit.com/api/Plans/GetMemberShipPlan?clubnumber=6441,https://join.youfit.com/pembroke-pines-taft-st,2026-09-01T01:59:02.586924+00:00,Official YouFit enrollment API. clubFeeTotalAmount reported as 64.19; stored in notes rather than relabeled as an annual fee.
YouFit,7344,Hollywood,"3120 Oakwood Blvd, Hollywood, FL, 33020",Broward County,Official Florida club,PREMIUM+,MONTH-TO-MONTH,Standard scheduled dues,15.0,Bi-Weekly,32.5,1.0,,32.58,,2 Weeks Free,,Observed,Official YouFit enrollment API,https://jolapi.youfit.com/api/Plans/GetMemberShipPlan?clubnumber=7344,https://join.youfit.com/hollywood,2026-09-01T01:59:02.586924+00:00,Official YouFit enrollment API. clubFeeTotalAmount reported as 64.19; stored in notes rather than relabeled as an annual fee.
YouFit,7344,Hollywood,"3120 Oakwood Blvd, Hollywood, FL, 33020",Broward County,Official Florida club,PREMIUM ,MONTH-TO-MONTH,Standard scheduled dues,10.0,Bi-Weekly,21.67,19.0,,23.25,,2 Week Free!!,,Observed,Official YouFit enrollment API,https://jolapi.youfit.com/api/Plans/GetMemberShipPlan?clubnumber=7344,https://join.youfit.com/hollywood,2026-09-01T01:59:02.586924+00:00,Official YouFit enrollment API. clubFeeTotalAmount reported as 64.19; stored in notes rather than relabeled as an annual fee.
YouFit,7344,Hollywood,"3120 Oakwood Blvd, Hollywood, FL, 33020",Broward County,Official Florida club,BASIC,12-MONTH,Standard scheduled dues,5.0,Bi-Weekly,10.83,39.0,,14.08,,EVERYDAY LOW PRICE!!,,Observed,Official YouFit enrollment API,https://jolapi.youfit.com/api/Plans/GetMemberShipPlan?clubnumber=7344,https://join.youfit.com/hollywood,2026-09-01T01:59:02.586924+00:00,Official YouFit enrollment API. clubFeeTotalAmount reported as 64.19; stored in notes rather than relabeled as an annual fee.
YouFit,7377,Weston,"15451 Sw 13th Lane, Sunrise, FL, 33326",Broward County,Official Florida club,PREMIUM+,MONTH-TO-MONTH,Standard scheduled dues,15.0,Bi-Weekly,32.5,1.0,,32.58,,2 Weeks Free,,Observed,Official YouFit enrollment API,https://jolapi.youfit.com/api/Plans/GetMemberShipPlan?clubnumber=7377,https://join.youfit.com/weston,2026-09-01T01:59:02.586924+00:00,Official YouFit enrollment API. clubFeeTotalAmount reported as 64.19; stored in notes rather than relabeled as an annual fee.
YouFit,7377,Weston,"15451 Sw 13th Lane, Sunrise, FL, 33326",Broward County,Official Florida club,PREMIUM ,MONTH-TO-MONTH,Standard scheduled dues,10.0,Bi-Weekly,21.67,19.0,,23.25,,2 Week Free!!,,Observed,Official YouFit enrollment API,https://jolapi.youfit.com/api/Plans/GetMemberShipPlan?clubnumber=7377,https://join.youfit.com/weston,2026-09-01T01:59:02.586924+00:00,Official YouFit enrollment API. clubFeeTotalAmount reported as 64.19; stored in notes rather than relabeled as an annual fee.
YouFit,7411,Davie,"8942 W State Road 84, Davie, FL, 33324",Broward County,Official Florida club,SIGNATURE+,MONTH-TO-MONTH,Standard scheduled dues,16.0,Bi-Weekly,34.67,1.0,,34.75,,2 WEEKS FREE!!,,Observed,Official YouFit enrollment API,https://jolapi.youfit.com/api/Plans/GetMemberShipPlan?clubnumber=7411,https://join.youfit.com/davie,2026-09-01T01:59:02.586924+00:00,Official YouFit enrollment API. clubFeeTotalAmount reported as 64.19; stored in notes rather than relabeled as an annual fee.
YouFit,7411,Davie,"8942 W State Road 84, Davie, FL, 33324",Broward County,Official Florida club,SIGNATURE,MONTH-TO-MONTH,Standard scheduled dues,13.0,Bi-Weekly,28.17,1.0,,28.25,,2 WEEKS FREE!!,,Observed,Official YouFit enrollment API,https://jolapi.youfit.com/api/Plans/GetMemberShipPlan?clubnumber=7411,https://join.youfit.com/davie,2026-09-01T01:59:02.586924+00:00,Official YouFit enrollment API. clubFeeTotalAmount reported as 64.19; stored in notes rather than relabeled as an annual fee.
YouFit,7411,Davie,"8942 W State Road 84, Davie, FL, 33324",Broward County,Official Florida club,BASIC,12-MONTH,Standard scheduled dues,6.0,Bi-Weekly,13.0,39.0,,16.25,,EVERYDAY LOW PRICE!!,,Observed,Official YouFit enrollment API,https://jolapi.youfit.com/api/Plans/GetMemberShipPlan?clubnumber=7411,https://join.youfit.com/davie,2026-09-01T01:59:02.586924+00:00,Official YouFit enrollment API. clubFeeTotalAmount reported as 64.19; stored in notes rather than relabeled as an annual fee.
YouFit,7432,Pembroke Pines on Pines,"10840 Pines Blvd, Pembroke Pines, FL, 33026",Broward County,Official Florida club,PREMIUM+,MONTH-TO-MONTH,Standard scheduled dues,15.0,Bi-Weekly,32.5,1.0,,32.58,,2 Weeks Free,,Observed,Official YouFit enrollment API,https://jolapi.youfit.com/api/Plans/GetMemberShipPlan?clubnumber=7432,https://join.youfit.com/pembroke-pines-pines-blvd,2026-09-01T01:59:02.586924+00:00,Official YouFit enrollment API. clubFeeTotalAmount reported as 64.19; stored in notes rather than relabeled as an annual fee.
YouFit,7432,Pembroke Pines on Pines,"10840 Pines Blvd, Pembroke Pines, FL, 33026",Broward County,Official Florida club,PREMIUM ,MONTH-TO-MONTH,Standard scheduled dues,10.0,Bi-Weekly,21.67,19.0,,23.25,,2 Week Free!!,,Observed,Official YouFit enrollment API,https://jolapi.youfit.com/api/Plans/GetMemberShipPlan?clubnumber=7432,https://join.youfit.com/pembroke-pines-pines-blvd,2026-09-01T01:59:02.586924+00:00,Official YouFit enrollment API. clubFeeTotalAmount reported as 64.19; stored in notes rather than relabeled as an annual fee.
YouFit,7432,Pembroke Pines on Pines,"10840 Pines Blvd, Pembroke Pines, FL, 33026",Broward County,Official Florida club,BASIC,12-MONTH,Standard scheduled dues,5.0,Bi-Weekly,10.83,39.0,,14.08,,EVERYDAY LOW PRICE!!,,Observed,Official YouFit enrollment API,https://jolapi.youfit.com/api/Plans/GetMemberShipPlan?clubnumber=7432,https://join.youfit.com/pembroke-pines-pines-blvd,2026-09-01T01:59:02.586924+00:00,Official YouFit enrollment API. clubFeeTotalAmount reported as 64.19; stored in notes rather than relabeled as an annual fee.
YouFit,7751,Oakland Park,"959 E Commercial Blvd, Oakland Park, FL, 33334",Broward County,Official Florida club,PREMIUM+,MONTH-TO-MONTH,Standard scheduled dues,15.0,Bi-Weekly,32.5,1.0,,32.58,,2 Weeks Free,,Observed,Official YouFit enrollment API,https://jolapi.youfit.com/api/Plans/GetMemberShipPlan?clubnumber=7751,https://join.youfit.com/oakland-park,2026-09-01T01:59:02.586924+00:00,Official YouFit enrollment API. clubFeeTotalAmount reported as 64.19; stored in notes rather than relabeled as an annual fee.
YouFit,7751,Oakland Park,"959 E Commercial Blvd, Oakland Park, FL, 33334",Broward County,Official Florida club,PREMIUM ,MONTH-TO-MONTH,Standard scheduled dues,10.0,Bi-Weekly,21.67,19.0,,23.25,,2 Week Free!!,,Observed,Official YouFit enrollment API,https://jolapi.youfit.com/api/Plans/GetMemberShipPlan?clubnumber=7751,https://join.youfit.com/oakland-park,2026-09-01T01:59:02.586924+00:00,Official YouFit enrollment API. clubFeeTotalAmount reported as 64.19; stored in notes rather than relabeled as an annual fee.
YouFit,7751,Oakland Park,"959 E Commercial Blvd, Oakland Park, FL, 33334",Broward County,Official Florida club,BASIC,12-MONTH,Standard scheduled dues,5.0,Bi-Weekly,10.83,39.0,,14.08,,EVERYDAY LOW PRICE!!,,Observed,Official YouFit enrollment API,https://jolapi.youfit.com/api/Plans/GetMemberShipPlan?clubnumber=7751,https://join.youfit.com/oakland-park,2026-09-01T01:59:02.586924+00:00,Official YouFit enrollment API. clubFeeTotalAmount reported as 64.19; stored in notes rather than relabeled as an annual fee.
YouFit,7763,Biscayne,"553 NE 79th Street, Miami, FL, 33138",Miami-Dade County,Official Florida club,PREMIUM+,MONTH-TO-MONTH,Standard scheduled dues,15.0,Bi-Weekly,32.5,1.0,,32.58,,2 Weeks Free,,Observed,Official YouFit enrollment API,https://jolapi.youfit.com/api/Plans/GetMemberShipPlan?clubnumber=7763,https://join.youfit.com/miami-79th-st,2026-09-01T01:59:02.586924+00:00,Official YouFit enrollment API. clubFeeTotalAmount reported as 64.19; stored in notes rather than relabeled as an annual fee.
YouFit,7763,Biscayne,"553 NE 79th Street, Miami, FL, 33138",Miami-Dade County,Official Florida club,PREMIUM ,MONTH-TO-MONTH,Standard scheduled dues,10.0,Bi-Weekly,21.67,19.0,,23.25,,2 Week Free!!,,Observed,Official YouFit enrollment API,https://jolapi.youfit.com/api/Plans/GetMemberShipPlan?clubnumber=7763,https://join.youfit.com/miami-79th-st,2026-09-01T01:59:02.586924+00:00,Official YouFit enrollment API. clubFeeTotalAmount reported as 64.19; stored in notes rather than relabeled as an annual fee.
YouFit,7763,Biscayne,"553 NE 79th Street, Miami, FL, 33138",Miami-Dade County,Official Florida club,BASIC,12-MONTH,Standard scheduled dues,5.0,Bi-Weekly,10.83,39.0,,14.08,,EVERYDAY LOW PRICE!!,,Observed,Official YouFit enrollment API,https://jolapi.youfit.com/api/Plans/GetMemberShipPlan?clubnumber=7763,https://join.youfit.com/miami-79th-st,2026-09-01T01:59:02.586924+00:00,Official YouFit enrollment API. clubFeeTotalAmount reported as 64.19; stored in notes rather than relabeled as an annual fee.
YouFit,7768,Hialeah,"5348 W 16th Ave, Hialeah, FL, 33012",Miami-Dade County,Official Florida club,PREMIUM+,MONTH-TO-MONTH,Standard scheduled dues,15.0,Bi-Weekly,32.5,1.0,,32.58,,2 Weeks Free,,Observed,Official YouFit enrollment API,https://jolapi.youfit.com/api/Plans/GetMemberShipPlan?clubnumber=7768,https://join.youfit.com/hialeah,2026-09-01T01:59:02.586924+00:00,Official YouFit enrollment API. clubFeeTotalAmount reported as 64.19; stored in notes rather than relabeled as an annual fee.
YouFit,7768,Hialeah,"5348 W 16th Ave, Hialeah, FL, 33012",Miami-Dade County,Official Florida club,PREMIUM ,MONTH-TO-MONTH,Standard scheduled dues,10.0,Bi-Weekly,21.67,19.0,,23.25,,2 Week Free!!,,Observed,Official YouFit enrollment API,https://jolapi.youfit.com/api/Plans/GetMemberShipPlan?clubnumber=7768,https://join.youfit.com/hialeah,2026-09-01T01:59:02.586924+00:00,Official YouFit enrollment API. clubFeeTotalAmount reported as 64.19; stored in notes rather than relabeled as an annual fee.
YouFit,7768,Hialeah,"5348 W 16th Ave, Hialeah, FL, 33012",Miami-Dade County,Official Florida club,BASIC,12-MONTH,Standard scheduled dues,5.0,Bi-Weekly,10.83,39.0,,14.08,,EVERYDAY LOW PRICE!!,,Observed,Official YouFit enrollment API,https://jolapi.youfit.com/api/Plans/GetMemberShipPlan?clubnumber=7768,https://join.youfit.com/hialeah,2026-09-01T01:59:02.586924+00:00,Official YouFit enrollment API. clubFeeTotalAmount reported as 64.19; stored in notes rather than relabeled as an annual fee.
YouFit,7789,Miami Gardens,"19400 NW 27th Ave., Miami Gardens, FL, 33056",Miami-Dade County,Official Florida club,,,,,,,,,,,,,No rate found,Official YouFit enrollment API,https://jolapi.youfit.com/api/Plans/GetMemberShipPlan?clubnumber=7789,https://join.youfit.com/miami-gardens,2026-09-01T01:59:02.586924+00:00,
YouFit,7797,Dania Beach,"140 South Compass Way, Dania Beach, FL, 33004",Broward County,Official Florida club,SIGNATURE+,MONTH-TO-MONTH,Standard scheduled dues,16.0,Bi-Weekly,34.67,1.0,,34.75,,2 WEEKS FREE!!,,Observed,Official YouFit enrollment API,https://jolapi.youfit.com/api/Plans/GetMemberShipPlan?clubnumber=7797,https://join.youfit.com/dania-beach,2026-09-01T01:59:02.586924+00:00,Official YouFit enrollment API. clubFeeTotalAmount reported as 64.19; stored in notes rather than relabeled as an annual fee.
YouFit,7797,Dania Beach,"140 South Compass Way, Dania Beach, FL, 33004",Broward County,Official Florida club,SIGNATURE,MONTH-TO-MONTH,Standard scheduled dues,13.0,Bi-Weekly,28.17,1.0,,28.25,,2 WEEKS FREE!!,,Observed,Official YouFit enrollment API,https://jolapi.youfit.com/api/Plans/GetMemberShipPlan?clubnumber=7797,https://join.youfit.com/dania-beach,2026-09-01T01:59:02.586924+00:00,Official YouFit enrollment API. clubFeeTotalAmount reported as 64.19; stored in notes rather than relabeled as an annual fee.
YouFit,7797,Dania Beach,"140 South Compass Way, Dania Beach, FL, 33004",Broward County,Official Florida club,BASIC,12-MONTH,Standard scheduled dues,6.0,Bi-Weekly,13.0,39.0,,16.25,,EVERYDAY LOW PRICE!!,,Observed,Official YouFit enrollment API,https://jolapi.youfit.com/api/Plans/GetMemberShipPlan?clubnumber=7797,https://join.youfit.com/dania-beach,2026-09-01T01:59:02.586924+00:00,Official YouFit enrollment API. clubFeeTotalAmount reported as 64.19; stored in notes rather than relabeled as an annual fee.
YouFit,7333,Land O Lakes,"21707 Village Lakes Shopping Center Dr, Land O Lakes, FL, 34639",Pasco County,Official Florida club,,,,,,,,,,,,,No rate found,Official YouFit enrollment API,https://jolapi.youfit.com/api/Plans/GetMemberShipPlan?clubnumber=7333,https://join.youfit.com/land-o-lakes,2026-09-01T01:59:02.586924+00:00,
YouFit,7336,Tallahassee Monroe,"2432 N Monroe Street, Tallahassee, FL, 32303",Leon County,Official Florida club,PREMIUM+,MONTH-TO-MONTH,Standard scheduled dues,15.0,Bi-Weekly,32.5,1.0,,32.58,,2 Weeks Free,,Observed,Official YouFit enrollment API,https://jolapi.youfit.com/api/Plans/GetMemberShipPlan?clubnumber=7336,https://join.youfit.com/tallahassee-monroe-st,2026-09-01T01:59:02.586924+00:00,Official YouFit enrollment API. clubFeeTotalAmount reported as 64.49; stored in notes rather than relabeled as an annual fee.
YouFit,7336,Tallahassee Monroe,"2432 N Monroe Street, Tallahassee, FL, 32303",Leon County,Official Florida club,PREMIUM ,MONTH-TO-MONTH,Standard scheduled dues,10.0,Bi-Weekly,21.67,19.0,,23.25,,2 Week Free!!,,Observed,Official YouFit enrollment API,https://jolapi.youfit.com/api/Plans/GetMemberShipPlan?clubnumber=7336,https://join.youfit.com/tallahassee-monroe-st,2026-09-01T01:59:02.586924+00:00,Official YouFit enrollment API. clubFeeTotalAmount reported as 64.49; stored in notes rather than relabeled as an annual fee.
YouFit,7336,Tallahassee Monroe,"2432 N Monroe Street, Tallahassee, FL, 32303",Leon County,Official Florida club,BASIC,12-MONTH,Standard scheduled dues,5.0,Bi-Weekly,10.83,39.0,,14.08,,EVERYDAY LOW PRICE!!,,Observed,Official YouFit enrollment API,https://jolapi.youfit.com/api/Plans/GetMemberShipPlan?clubnumber=7336,https://join.youfit.com/tallahassee-monroe-st,2026-09-01T01:59:02.586924+00:00,Official YouFit enrollment API. clubFeeTotalAmount reported as 64.49; stored in notes rather than relabeled as an annual fee.
YouFit,7358,Racetrack on Hillsborough,"13891 W Hillsborough Ave, Tampa, FL, 33635",Hillsborough County,Official Florida club,PREMIUM+,MONTH-TO-MONTH,Standard scheduled dues,15.0,Bi-Weekly,32.5,1.0,,32.58,,2 Weeks Free,,Observed,Official YouFit enrollment API,https://jolapi.youfit.com/api/Plans/GetMemberShipPlan?clubnumber=7358,https://join.youfit.com/tampa-hillsborough-ave,2026-09-01T01:59:02.586924+00:00,Official YouFit enrollment API. clubFeeTotalAmount reported as 64.49; stored in notes rather than relabeled as an annual fee.
YouFit,7358,Racetrack on Hillsborough,"13891 W Hillsborough Ave, Tampa, FL, 33635",Hillsborough County,Official Florida club,PREMIUM ,MONTH-TO-MONTH,Standard scheduled dues,10.0,Bi-Weekly,21.67,19.0,,23.25,,2 Week Free!!,,Observed,Official YouFit enrollment API,https://jolapi.youfit.com/api/Plans/GetMemberShipPlan?clubnumber=7358,https://join.youfit.com/tampa-hillsborough-ave,2026-09-01T01:59:02.586924+00:00,Official YouFit enrollment API. clubFeeTotalAmount reported as 64.49; stored in notes rather than relabeled as an annual fee.
YouFit,7358,Racetrack on Hillsborough,"13891 W Hillsborough Ave, Tampa, FL, 33635",Hillsborough County,Official Florida club,BASIC,12-MONTH,Standard scheduled dues,5.0,Bi-Weekly,10.83,39.0,,14.08,,EVERYDAY LOW PRICE!!,,Observed,Official YouFit enrollment API,https://jolapi.youfit.com/api/Plans/GetMemberShipPlan?clubnumber=7358,https://join.youfit.com/tampa-hillsborough-ave,2026-09-01T01:59:02.586924+00:00,Official YouFit enrollment API. clubFeeTotalAmount reported as 64.49; stored in notes rather than relabeled as an annual fee.
YouFit,7361,Venice,"1228 Jacaranda Blvd, Venice, FL, 34292",Sarasota County,Official Florida club,PREMIUM+,MONTH-TO-MONTH,Standard scheduled dues,15.0,Bi-Weekly,32.5,1.0,,32.58,,2 Weeks Free,,Observed,Official YouFit enrollment API,https://jolapi.youfit.com/api/Plans/GetMemberShipPlan?clubnumber=7361,https://join.youfit.com/venice,2026-09-01T01:59:02.586924+00:00,Official YouFit enrollment API. clubFeeTotalAmount reported as 64.19; stored in notes rather than relabeled as an annual fee.
YouFit,7361,Venice,"1228 Jacaranda Blvd, Venice, FL, 34292",Sarasota County,Official Florida club,PREMIUM ,MONTH-TO-MONTH,Standard scheduled dues,10.0,Bi-Weekly,21.67,19.0,,23.25,,2 Week Free!!,,Observed,Official YouFit enrollment API,https://jolapi.youfit.com/api/Plans/GetMemberShipPlan?clubnumber=7361,https://join.youfit.com/venice,2026-09-01T01:59:02.586924+00:00,Official YouFit enrollment API. clubFeeTotalAmount reported as 64.19; stored in notes rather than relabeled as an annual fee.
YouFit,7361,Venice,"1228 Jacaranda Blvd, Venice, FL, 34292",Sarasota County,Official Florida club,BASIC,12-MONTH,Standard scheduled dues,5.0,Bi-Weekly,10.83,39.0,,14.08,,EVERYDAY LOW PRICE!!,,Observed,Official YouFit enrollment API,https://jolapi.youfit.com/api/Plans/GetMemberShipPlan?clubnumber=7361,https://join.youfit.com/venice,2026-09-01T01:59:02.586924+00:00,Official YouFit enrollment API. clubFeeTotalAmount reported as 64.19; stored in notes rather than relabeled as an annual fee.
YouFit,7362,North Port,"14979 Tamiami Trail, North Port, FL, 34287",Sarasota County,Official Florida club,PREMIUM+,MONTH-TO-MONTH,Standard scheduled dues,15.0,Bi-Weekly,32.5,1.0,,32.58,,2 Weeks Free,,Observed,Official YouFit enrollment API,https://jolapi.youfit.com/api/Plans/GetMemberShipPlan?clubnumber=7362,https://join.youfit.com/north-port,2026-09-01T01:59:02.586924+00:00,Official YouFit enrollment API. clubFeeTotalAmount reported as 64.19; stored in notes rather than relabeled as an annual fee.
YouFit,7362,North Port,"14979 Tamiami Trail, North Port, FL, 34287",Sarasota County,Official Florida club,PREMIUM ,MONTH-TO-MONTH,Standard scheduled dues,10.0,Bi-Weekly,21.67,19.0,,23.25,,2 Week Free!!,,Observed,Official YouFit enrollment API,https://jolapi.youfit.com/api/Plans/GetMemberShipPlan?clubnumber=7362,https://join.youfit.com/north-port,2026-09-01T01:59:02.586924+00:00,Official YouFit enrollment API. clubFeeTotalAmount reported as 64.19; stored in notes rather than relabeled as an annual fee.
YouFit,7362,North Port,"14979 Tamiami Trail, North Port, FL, 34287",Sarasota County,Official Florida club,BASIC,12-MONTH,Standard scheduled dues,5.0,Bi-Weekly,10.83,39.0,,14.08,,EVERYDAY LOW PRICE!!,,Observed,Official YouFit enrollment API,https://jolapi.youfit.com/api/Plans/GetMemberShipPlan?clubnumber=7362,https://join.youfit.com/north-port,2026-09-01T01:59:02.586924+00:00,Official YouFit enrollment API. clubFeeTotalAmount reported as 64.19; stored in notes rather than relabeled as an annual fee.
YouFit,7378,St. Petersburg,"6157 9th Ave North, St Petersburg, FL, 33710",Pinellas County,Official Florida club,PREMIUM+,MONTH-TO-MONTH,Standard scheduled dues,15.0,Bi-Weekly,32.5,1.0,,32.58,,2 Weeks Free,,Observed,Official YouFit enrollment API,https://jolapi.youfit.com/api/Plans/GetMemberShipPlan?clubnumber=7378,https://join.youfit.com/st-petersburg,2026-09-01T01:59:02.586924+00:00,Official YouFit enrollment API. clubFeeTotalAmount reported as 64.19; stored in notes rather than relabeled as an annual fee.
YouFit,7378,St. Petersburg,"6157 9th Ave North, St Petersburg, FL, 33710",Pinellas County,Official Florida club,PREMIUM ,MONTH-TO-MONTH,Standard scheduled dues,10.0,Bi-Weekly,21.67,19.0,,23.25,,2 Week Free!!,,Observed,Official YouFit enrollment API,https://jolapi.youfit.com/api/Plans/GetMemberShipPlan?clubnumber=7378,https://join.youfit.com/st-petersburg,2026-09-01T01:59:02.586924+00:00,Official YouFit enrollment API. clubFeeTotalAmount reported as 64.19; stored in notes rather than relabeled as an annual fee.
YouFit,7378,St. Petersburg,"6157 9th Ave North, St Petersburg, FL, 33710",Pinellas County,Official Florida club,BASIC,12-MONTH,Standard scheduled dues,5.0,Bi-Weekly,10.83,39.0,,14.08,,EVERYDAY LOW PRICE!!,,Observed,Official YouFit enrollment API,https://jolapi.youfit.com/api/Plans/GetMemberShipPlan?clubnumber=7378,https://join.youfit.com/st-petersburg,2026-09-01T01:59:02.586924+00:00,Official YouFit enrollment API. clubFeeTotalAmount reported as 64.19; stored in notes rather than relabeled as an annual fee.
YouFit,7384,Sarasota,"3840 S Tuttle Ave, Sarasota, FL, 34239",Sarasota County,Official Florida club,,,,,,,,,,,,,No rate found,Official YouFit enrollment API,https://jolapi.youfit.com/api/Plans/GetMemberShipPlan?clubnumber=7384,https://join.youfit.com/sarasota,2026-09-01T01:59:02.586924+00:00,
YouFit,7385,Bradenton,"5574 Cortez Road W, Bradenton, FL, 34210",Manatee County,Official Florida club,,,,,,,,,,,,,No rate found,Official YouFit enrollment API,https://jolapi.youfit.com/api/Plans/GetMemberShipPlan?clubnumber=7385,https://join.youfit.com/bradenton,2026-09-01T01:59:02.586924+00:00,
YouFit,7393,Port Charlotte,"3280 Tamiami Trail Suite 33, Port Charlotte, FL, 33952",Charlotte County,Official Florida club,PREMIUM+,MONTH-TO-MONTH,Standard scheduled dues,15.0,Bi-Weekly,32.5,1.0,,32.58,,2 Weeks Free,,Observed,Official YouFit enrollment API,https://jolapi.youfit.com/api/Plans/GetMemberShipPlan?clubnumber=7393,https://join.youfit.com/port-charlotte,2026-09-01T01:59:02.586924+00:00,Official YouFit enrollment API. clubFeeTotalAmount reported as 64.19; stored in notes rather than relabeled as an annual fee.
YouFit,7393,Port Charlotte,"3280 Tamiami Trail Suite 33, Port Charlotte, FL, 33952",Charlotte County,Official Florida club,PREMIUM ,MONTH-TO-MONTH,Standard scheduled dues,10.0,Bi-Weekly,21.67,19.0,,23.25,,2 Week Free!!,,Observed,Official YouFit enrollment API,https://jolapi.youfit.com/api/Plans/GetMemberShipPlan?clubnumber=7393,https://join.youfit.com/port-charlotte,2026-09-01T01:59:02.586924+00:00,Official YouFit enrollment API. clubFeeTotalAmount reported as 64.19; stored in notes rather than relabeled as an annual fee.
YouFit,7393,Port Charlotte,"3280 Tamiami Trail Suite 33, Port Charlotte, FL, 33952",Charlotte County,Official Florida club,BASIC,12-MONTH,Standard scheduled dues,5.0,Bi-Weekly,10.83,39.0,,14.08,,EVERYDAY LOW PRICE!!,,Observed,Official YouFit enrollment API,https://jolapi.youfit.com/api/Plans/GetMemberShipPlan?clubnumber=7393,https://join.youfit.com/port-charlotte,2026-09-01T01:59:02.586924+00:00,Official YouFit enrollment API. clubFeeTotalAmount reported as 64.19; stored in notes rather than relabeled as an annual fee.
YouFit,7394,Tallahassee Mahan,"3111 Mahan Drive Suite 12, Tallahassee, FL, 32308",Leon County,Official Florida club,PREMIUM+,MONTH-TO-MONTH,Standard scheduled dues,15.0,Bi-Weekly,32.5,1.0,,32.58,,2 Weeks Free,,Observed,Official YouFit enrollment API,https://jolapi.youfit.com/api/Plans/GetMemberShipPlan?clubnumber=7394,https://join.youfit.com/tallahassee-mahan-dr,2026-09-01T01:59:02.586924+00:00,Official YouFit enrollment API. clubFeeTotalAmount reported as 64.49; stored in notes rather than relabeled as an annual fee.
YouFit,7394,Tallahassee Mahan,"3111 Mahan Drive Suite 12, Tallahassee, FL, 32308",Leon County,Official Florida club,PREMIUM ,MONTH-TO-MONTH,Standard scheduled dues,10.0,Bi-Weekly,21.67,19.0,,23.25,,2 Week Free!!,,Observed,Official YouFit enrollment API,https://jolapi.youfit.com/api/Plans/GetMemberShipPlan?clubnumber=7394,https://join.youfit.com/tallahassee-mahan-dr,2026-09-01T01:59:02.586924+00:00,Official YouFit enrollment API. clubFeeTotalAmount reported as 64.49; stored in notes rather than relabeled as an annual fee.
YouFit,7394,Tallahassee Mahan,"3111 Mahan Drive Suite 12, Tallahassee, FL, 32308",Leon County,Official Florida club,BASIC,12-MONTH,Standard scheduled dues,5.0,Bi-Weekly,10.83,39.0,,14.08,,EVERYDAY LOW PRICE!!,,Observed,Official YouFit enrollment API,https://jolapi.youfit.com/api/Plans/GetMemberShipPlan?clubnumber=7394,https://join.youfit.com/tallahassee-mahan-dr,2026-09-01T01:59:02.586924+00:00,Official YouFit enrollment API. clubFeeTotalAmount reported as 64.49; stored in notes rather than relabeled as an annual fee.
YouFit,7435,Tampa,"14350 N Dale Mabry Hwy, Tampa, FL, 33618",Hillsborough County,Official Florida club,,,,,,,,,,,,,No rate found,Official YouFit enrollment API,https://jolapi.youfit.com/api/Plans/GetMemberShipPlan?clubnumber=7435,https://join.youfit.com/tampa-dale-mabry-hwy,2026-09-01T01:59:02.586924+00:00,
YouFit,7749,Tallahassee,"2020 West Pensacola Street, Suite 300, Tallahassee, FL, 32304",Leon County,Official Florida club,,,,,,,,,,,,,No rate found,Official YouFit enrollment API,https://jolapi.youfit.com/api/Plans/GetMemberShipPlan?clubnumber=7749,https://join.youfit.com/tallahassee-pensacola-st,2026-09-01T01:59:02.586924+00:00,
YouFit,7759,Pinellas Park,"6421 66th Street North, Pinellas Park, FL, 33781",Pinellas County,Official Florida club,,,,,,,,,,,,,No rate found,Official YouFit enrollment API,https://jolapi.youfit.com/api/Plans/GetMemberShipPlan?clubnumber=7759,https://join.youfit.com/pinellas-park,2026-09-01T01:59:02.586924+00:00,
YouFit,7794,Largo,"1111 Missouri Ave N, Largo, FL, 33770",Pinellas County,Official Florida club,,,,,,,,,,,,,No rate found,Official YouFit enrollment API,https://jolapi.youfit.com/api/Plans/GetMemberShipPlan?clubnumber=7794,https://join.youfit.com/largo,2026-09-01T01:59:02.586924+00:00,
YouFit,6437,Lantana,"6198 S Congress Ave, #B, Lantana, FL, 33462",Palm Beach County,Official Florida club,PREMIUM+,MONTH-TO-MONTH,Standard scheduled dues,15.0,Bi-Weekly,32.5,1.0,,32.58,,2 Weeks Free,,Observed,Official YouFit enrollment API,https://jolapi.youfit.com/api/Plans/GetMemberShipPlan?clubnumber=6437,https://join.youfit.com/lantana,2026-09-01T01:59:02.586924+00:00,Official YouFit enrollment API. clubFeeTotalAmount reported as 63.89; stored in notes rather than relabeled as an annual fee.
YouFit,6437,Lantana,"6198 S Congress Ave, #B, Lantana, FL, 33462",Palm Beach County,Official Florida club,PREMIUM ,MONTH-TO-MONTH,Standard scheduled dues,10.0,Bi-Weekly,21.67,19.0,,23.25,,2 Week Free!!,,Observed,Official YouFit enrollment API,https://jolapi.youfit.com/api/Plans/GetMemberShipPlan?clubnumber=6437,https://join.youfit.com/lantana,2026-09-01T01:59:02.586924+00:00,Official YouFit enrollment API. clubFeeTotalAmount reported as 63.89; stored in notes rather than relabeled as an annual fee.
YouFit,6437,Lantana,"6198 S Congress Ave, #B, Lantana, FL, 33462",Palm Beach County,Official Florida club,BASIC,12-MONTH,Standard scheduled dues,5.0,Bi-Weekly,10.83,39.0,,14.08,,EVERYDAY LOW PRICE!!,,Observed,Official YouFit enrollment API,https://jolapi.youfit.com/api/Plans/GetMemberShipPlan?clubnumber=6437,https://join.youfit.com/lantana,2026-09-01T01:59:02.586924+00:00,Official YouFit enrollment API. clubFeeTotalAmount reported as 63.89; stored in notes rather than relabeled as an annual fee.
YouFit,6438,Palmetto Park,"1309 W Palmetto Park Rd, Boca Raton, FL, 33486",Palm Beach County,Official Florida club,PREMIUM+,MONTH-TO-MONTH,Standard scheduled dues,15.0,Bi-Weekly,32.5,1.0,,32.58,,2 Weeks Free,,Observed,Official YouFit enrollment API,https://jolapi.youfit.com/api/Plans/GetMemberShipPlan?clubnumber=6438,https://join.youfit.com/boca-raton-palmetto-park-rd,2026-09-01T01:59:02.586924+00:00,Official YouFit enrollment API. clubFeeTotalAmount reported as 63.89; stored in notes rather than relabeled as an annual fee.
YouFit,6438,Palmetto Park,"1309 W Palmetto Park Rd, Boca Raton, FL, 33486",Palm Beach County,Official Florida club,PREMIUM ,MONTH-TO-MONTH,Standard scheduled dues,10.0,Bi-Weekly,21.67,19.0,,23.25,,2 Week Free!!,,Observed,Official YouFit enrollment API,https://jolapi.youfit.com/api/Plans/GetMemberShipPlan?clubnumber=6438,https://join.youfit.com/boca-raton-palmetto-park-rd,2026-09-01T01:59:02.586924+00:00,Official YouFit enrollment API. clubFeeTotalAmount reported as 63.89; stored in notes rather than relabeled as an annual fee.
YouFit,6438,Palmetto Park,"1309 W Palmetto Park Rd, Boca Raton, FL, 33486",Palm Beach County,Official Florida club,BASIC,12-MONTH,Standard scheduled dues,5.0,Bi-Weekly,10.83,39.0,,14.08,,EVERYDAY LOW PRICE!!,,Observed,Official YouFit enrollment API,https://jolapi.youfit.com/api/Plans/GetMemberShipPlan?clubnumber=6438,https://join.youfit.com/boca-raton-palmetto-park-rd,2026-09-01T01:59:02.586924+00:00,Official YouFit enrollment API. clubFeeTotalAmount reported as 63.89; stored in notes rather than relabeled as an annual fee.
YouFit,7334,Wellington,"13865 Wellington Trace, C, Wellington, FL, 33414",Palm Beach County,Official Florida club,PREMIUM+,MONTH-TO-MONTH,Standard scheduled dues,15.0,Bi-Weekly,32.5,1.0,,32.58,,2 Weeks Free,,Observed,Official YouFit enrollment API,https://jolapi.youfit.com/api/Plans/GetMemberShipPlan?clubnumber=7334,https://join.youfit.com/wellington,2026-09-01T01:59:02.586924+00:00,Official YouFit enrollment API. clubFeeTotalAmount reported as 63.89; stored in notes rather than relabeled as an annual fee.
YouFit,7334,Wellington,"13865 Wellington Trace, C, Wellington, FL, 33414",Palm Beach County,Official Florida club,PREMIUM ,MONTH-TO-MONTH,Standard scheduled dues,10.0,Bi-Weekly,21.67,19.0,,23.25,,2 Week Free!!,,Observed,Official YouFit enrollment API,https://jolapi.youfit.com/api/Plans/GetMemberShipPlan?clubnumber=7334,https://join.youfit.com/wellington,2026-09-01T01:59:02.586924+00:00,Official YouFit enrollment API. clubFeeTotalAmount reported as 63.89; stored in notes rather than relabeled as an annual fee.
YouFit,7334,Wellington,"13865 Wellington Trace, C, Wellington, FL, 33414",Palm Beach County,Official Florida club,BASIC,12-MONTH,Standard scheduled dues,5.0,Bi-Weekly,10.83,39.0,,14.08,,EVERYDAY LOW PRICE!!,,Observed,Official YouFit enrollment API,https://jolapi.youfit.com/api/Plans/GetMemberShipPlan?clubnumber=7334,https://join.youfit.com/wellington,2026-09-01T01:59:02.586924+00:00,Official YouFit enrollment API. clubFeeTotalAmount reported as 63.89; stored in notes rather than relabeled as an annual fee.
YouFit,7339,Boca Town Center,"6000 Glades Road, Suite 1410, Boca Raton, FL, 33431",Palm Beach County,Official Florida club,PREMIUM+,MONTH-TO-MONTH,Standard scheduled dues,15.0,Bi-Weekly,32.5,1.0,,32.58,,2 Weeks Free,,Observed,Official YouFit enrollment API,https://jolapi.youfit.com/api/Plans/GetMemberShipPlan?clubnumber=7339,https://join.youfit.com/boca-raton-glades-rd,2026-09-01T01:59:02.586924+00:00,Official YouFit enrollment API. clubFeeTotalAmount reported as 63.89; stored in notes rather than relabeled as an annual fee.
YouFit,7339,Boca Town Center,"6000 Glades Road, Suite 1410, Boca Raton, FL, 33431",Palm Beach County,Official Florida club,PREMIUM ,MONTH-TO-MONTH,Standard scheduled dues,10.0,Bi-Weekly,21.67,19.0,,23.25,,2 Week Free!!,,Observed,Official YouFit enrollment API,https://jolapi.youfit.com/api/Plans/GetMemberShipPlan?clubnumber=7339,https://join.youfit.com/boca-raton-glades-rd,2026-09-01T01:59:02.586924+00:00,Official YouFit enrollment API. clubFeeTotalAmount reported as 63.89; stored in notes rather than relabeled as an annual fee.
YouFit,7339,Boca Town Center,"6000 Glades Road, Suite 1410, Boca Raton, FL, 33431",Palm Beach County,Official Florida club,BASIC,12-MONTH,Standard scheduled dues,5.0,Bi-Weekly,10.83,39.0,,14.08,,EVERYDAY LOW PRICE!!,,Observed,Official YouFit enrollment API,https://jolapi.youfit.com/api/Plans/GetMemberShipPlan?clubnumber=7339,https://join.youfit.com/boca-raton-glades-rd,2026-09-01T01:59:02.586924+00:00,Official YouFit enrollment API. clubFeeTotalAmount reported as 63.89; stored in notes rather than relabeled as an annual fee.
YouFit,7370,Boynton Beach,"901 N Congress Ave, Boynton Beach, FL, 33426",Palm Beach County,Official Florida club,SIGNATURE+,MONTH-TO-MONTH,Standard scheduled dues,16.0,Bi-Weekly,34.67,1.0,,34.75,,2 WEEKS FREE!!,,Observed,Official YouFit enrollment API,https://jolapi.youfit.com/api/Plans/GetMemberShipPlan?clubnumber=7370,https://join.youfit.com/boynton-beach,2026-09-01T01:59:02.586924+00:00,Official YouFit enrollment API. clubFeeTotalAmount reported as 63.89; stored in notes rather than relabeled as an annual fee.
YouFit,7370,Boynton Beach,"901 N Congress Ave, Boynton Beach, FL, 33426",Palm Beach County,Official Florida club,SIGNATURE,MONTH-TO-MONTH,Standard scheduled dues,13.0,Bi-Weekly,28.17,1.0,,28.25,,2 WEEKS FREE!!,,Observed,Official YouFit enrollment API,https://jolapi.youfit.com/api/Plans/GetMemberShipPlan?clubnumber=7370,https://join.youfit.com/boynton-beach,2026-09-01T01:59:02.586924+00:00,Official YouFit enrollment API. clubFeeTotalAmount reported as 63.89; stored in notes rather than relabeled as an annual fee.
YouFit,7370,Boynton Beach,"901 N Congress Ave, Boynton Beach, FL, 33426",Palm Beach County,Official Florida club,BASIC,12-MONTH,Standard scheduled dues,6.0,Bi-Weekly,13.0,39.0,,16.25,,EVERYDAY LOW PRICE!!,,Observed,Official YouFit enrollment API,https://jolapi.youfit.com/api/Plans/GetMemberShipPlan?clubnumber=7370,https://join.youfit.com/boynton-beach,2026-09-01T01:59:02.586924+00:00,Official YouFit enrollment API. clubFeeTotalAmount reported as 63.89; stored in notes rather than relabeled as an annual fee.
YouFit,7387,West Palm Beach,"2601 S Military Trail, West Palm Beach, FL, 33415",Palm Beach County,Official Florida club,,,,,,,,,,,,,No rate found,Official YouFit enrollment API,https://jolapi.youfit.com/api/Plans/GetMemberShipPlan?clubnumber=7387,https://join.youfit.com/west-palm-beach-military-trail,2026-09-01T01:59:02.586924+00:00,
YouFit,7396,Okeechobee Blvd,"4354 Okeechobee Blvd, West Palm Beach, FL, 33409",Palm Beach County,Official Florida club,PREMIUM+,MONTH-TO-MONTH,Standard scheduled dues,15.0,Bi-Weekly,32.5,1.0,,32.58,,2 Weeks Free,,Observed,Official YouFit enrollment API,https://jolapi.youfit.com/api/Plans/GetMemberShipPlan?clubnumber=7396,https://join.youfit.com/west-palm-beach-okeechobee-blvd,2026-09-01T01:59:02.586924+00:00,Official YouFit enrollment API. clubFeeTotalAmount reported as 53.24; stored in notes rather than relabeled as an annual fee.
YouFit,7396,Okeechobee Blvd,"4354 Okeechobee Blvd, West Palm Beach, FL, 33409",Palm Beach County,Official Florida club,PREMIUM ,MONTH-TO-MONTH,Standard scheduled dues,10.0,Bi-Weekly,21.67,19.0,,23.25,,2 Week Free!!,,Observed,Official YouFit enrollment API,https://jolapi.youfit.com/api/Plans/GetMemberShipPlan?clubnumber=7396,https://join.youfit.com/west-palm-beach-okeechobee-blvd,2026-09-01T01:59:02.586924+00:00,Official YouFit enrollment API. clubFeeTotalAmount reported as 53.24; stored in notes rather than relabeled as an annual fee.
YouFit,7396,Okeechobee Blvd,"4354 Okeechobee Blvd, West Palm Beach, FL, 33409",Palm Beach County,Official Florida club,BASIC,12-MONTH,Standard scheduled dues,5.0,Bi-Weekly,10.83,39.0,,14.08,,EVERYDAY LOW PRICE!!,,Observed,Official YouFit enrollment API,https://jolapi.youfit.com/api/Plans/GetMemberShipPlan?clubnumber=7396,https://join.youfit.com/west-palm-beach-okeechobee-blvd,2026-09-01T01:59:02.586924+00:00,Official YouFit enrollment API. clubFeeTotalAmount reported as 63.89; stored in notes rather than relabeled as an annual fee.
YouFit,7434,Greenacres,"3913 Jog Road, Greenacres, FL, 33467",Palm Beach County,Official Florida club,PREMIUM+,MONTH-TO-MONTH,Standard scheduled dues,15.0,Bi-Weekly,32.5,1.0,,32.58,,2 Weeks Free,,Observed,Official YouFit enrollment API,https://jolapi.youfit.com/api/Plans/GetMemberShipPlan?clubnumber=7434,https://join.youfit.com/greenacres,2026-09-01T01:59:02.586924+00:00,Official YouFit enrollment API. clubFeeTotalAmount reported as 63.89; stored in notes rather than relabeled as an annual fee.
YouFit,7434,Greenacres,"3913 Jog Road, Greenacres, FL, 33467",Palm Beach County,Official Florida club,PREMIUM ,MONTH-TO-MONTH,Standard scheduled dues,10.0,Bi-Weekly,21.67,19.0,,23.25,,2 Week Free!!,,Observed,Official YouFit enrollment API,https://jolapi.youfit.com/api/Plans/GetMemberShipPlan?clubnumber=7434,https://join.youfit.com/greenacres,2026-09-01T01:59:02.586924+00:00,Official YouFit enrollment API. clubFeeTotalAmount reported as 53.24; stored in notes rather than relabeled as an annual fee.
YouFit,7434,Greenacres,"3913 Jog Road, Greenacres, FL, 33467",Palm Beach County,Official Florida club,BASIC,12-MONTH,Standard scheduled dues,5.0,Bi-Weekly,10.83,39.0,,14.08,,EVERYDAY LOW PRICE!!,,Observed,Official YouFit enrollment API,https://jolapi.youfit.com/api/Plans/GetMemberShipPlan?clubnumber=7434,https://join.youfit.com/greenacres,2026-09-01T01:59:02.586924+00:00,Official YouFit enrollment API. clubFeeTotalAmount reported as 63.89; stored in notes rather than relabeled as an annual fee.
YouFit,7444,Boca Raton - Sandalfoot,"23078 Sandalfoot Plaza Dr., Boca Raton, FL, 33428",Palm Beach County,Official Florida club,PREMIUM+,MONTH-TO-MONTH,Standard scheduled dues,15.0,Bi-Weekly,32.5,1.0,,32.58,,2 Weeks Free,,Observed,Official YouFit enrollment API,https://jolapi.youfit.com/api/Plans/GetMemberShipPlan?clubnumber=7444,https://join.youfit.com/boca-raton-sandalfoot-plaza-dr,2026-09-01T01:59:02.586924+00:00,Official YouFit enrollment API. clubFeeTotalAmount reported as 63.89; stored in notes rather than relabeled as an annual fee.
YouFit,7444,Boca Raton - Sandalfoot,"23078 Sandalfoot Plaza Dr., Boca Raton, FL, 33428",Palm Beach County,Official Florida club,PREMIUM ,MONTH-TO-MONTH,Standard scheduled dues,10.0,Bi-Weekly,21.67,19.0,,23.25,,2 Week Free!!,,Observed,Official YouFit enrollment API,https://jolapi.youfit.com/api/Plans/GetMemberShipPlan?clubnumber=7444,https://join.youfit.com/boca-raton-sandalfoot-plaza-dr,2026-09-01T01:59:02.586924+00:00,Official YouFit enrollment API. clubFeeTotalAmount reported as 63.89; stored in notes rather than relabeled as an annual fee.
YouFit,7444,Boca Raton - Sandalfoot,"23078 Sandalfoot Plaza Dr., Boca Raton, FL, 33428",Palm Beach County,Official Florida club,BASIC,12-MONTH,Standard scheduled dues,5.0,Bi-Weekly,10.83,39.0,,14.08,,EVERYDAY LOW PRICE!!,,Observed,Official YouFit enrollment API,https://jolapi.youfit.com/api/Plans/GetMemberShipPlan?clubnumber=7444,https://join.youfit.com/boca-raton-sandalfoot-plaza-dr,2026-09-01T01:59:02.586924+00:00,Official YouFit enrollment API. clubFeeTotalAmount reported as 63.89; stored in notes rather than relabeled as an annual fee.
YouFit,7455,Deerfield Beach,"4032 W Hillsboro Blvd, Deerfield Beach, FL, 33442",Broward County,Official Florida club,PREMIUM+,MONTH-TO-MONTH,Standard scheduled dues,15.0,Bi-Weekly,32.5,1.0,,32.58,,2 Weeks Free,,Observed,Official YouFit enrollment API,https://jolapi.youfit.com/api/Plans/GetMemberShipPlan?clubnumber=7455,https://join.youfit.com/deerfield-beach,2026-09-01T01:59:02.586924+00:00,Official YouFit enrollment API. clubFeeTotalAmount reported as 64.19; stored in notes rather than relabeled as an annual fee.
YouFit,7455,Deerfield Beach,"4032 W Hillsboro Blvd, Deerfield Beach, FL, 33442",Broward County,Official Florida club,PREMIUM ,MONTH-TO-MONTH,Standard scheduled dues,10.0,Bi-Weekly,21.67,19.0,,23.25,,2 Week Free!!,,Observed,Official YouFit enrollment API,https://jolapi.youfit.com/api/Plans/GetMemberShipPlan?clubnumber=7455,https://join.youfit.com/deerfield-beach,2026-09-01T01:59:02.586924+00:00,Official YouFit enrollment API. clubFeeTotalAmount reported as 64.19; stored in notes rather than relabeled as an annual fee.
YouFit,7455,Deerfield Beach,"4032 W Hillsboro Blvd, Deerfield Beach, FL, 33442",Broward County,Official Florida club,BASIC,12-MONTH,Standard scheduled dues,5.0,Bi-Weekly,10.83,39.0,,14.08,,EVERYDAY LOW PRICE!!,,Observed,Official YouFit enrollment API,https://jolapi.youfit.com/api/Plans/GetMemberShipPlan?clubnumber=7455,https://join.youfit.com/deerfield-beach,2026-09-01T01:59:02.586924+00:00,Official YouFit enrollment API. clubFeeTotalAmount reported as 64.19; stored in notes rather than relabeled as an annual fee.
YouFit,6771,Miami 107th,"1605 SW 107 Avenue, Miami, FL, 33165",Miami-Dade County,Official Florida club,,,,,,,,,,,,,No rate found,Official YouFit enrollment API,https://jolapi.youfit.com/api/Plans/GetMemberShipPlan?clubnumber=6771,https://join.youfit.com/miami-107th,2026-09-01T01:59:02.586924+00:00,
YouFit,7348,Kendall,"13065 SW 112th st, Miami, FL, 33186",Miami-Dade County,Official Florida club,PREMIUM+,MONTH-TO-MONTH,Standard scheduled dues,15.0,Bi-Weekly,32.5,1.0,,32.58,,2 Weeks Free,,Observed,Official YouFit enrollment API,https://jolapi.youfit.com/api/Plans/GetMemberShipPlan?clubnumber=7348,https://join.youfit.com/kendall-112th-st,2026-09-01T01:59:02.586924+00:00,Official YouFit enrollment API. clubFeeTotalAmount reported as 64.19; stored in notes rather than relabeled as an annual fee.
YouFit,7348,Kendall,"13065 SW 112th st, Miami, FL, 33186",Miami-Dade County,Official Florida club,PREMIUM ,MONTH-TO-MONTH,Standard scheduled dues,10.0,Bi-Weekly,21.67,19.0,,23.25,,2 Week Free!!,,Observed,Official YouFit enrollment API,https://jolapi.youfit.com/api/Plans/GetMemberShipPlan?clubnumber=7348,https://join.youfit.com/kendall-112th-st,2026-09-01T01:59:02.586924+00:00,Official YouFit enrollment API. clubFeeTotalAmount reported as 64.19; stored in notes rather than relabeled as an annual fee.
YouFit,7348,Kendall,"13065 SW 112th st, Miami, FL, 33186",Miami-Dade County,Official Florida club,BASIC,12-MONTH,Standard scheduled dues,5.0,Bi-Weekly,10.83,39.0,,14.08,,EVERYDAY LOW PRICE!!,,Observed,Official YouFit enrollment API,https://jolapi.youfit.com/api/Plans/GetMemberShipPlan?clubnumber=7348,https://join.youfit.com/kendall-112th-st,2026-09-01T01:59:02.586924+00:00,Official YouFit enrollment API. clubFeeTotalAmount reported as 64.19; stored in notes rather than relabeled as an annual fee.
YouFit,7363,Miami 112th,"3900 SW 112th Ave, Miami, FL, 33165",Miami-Dade County,Official Florida club,PREMIUM+,MONTH-TO-MONTH,Standard scheduled dues,15.0,Bi-Weekly,32.5,1.0,,32.58,,2 Weeks Free,,Observed,Official YouFit enrollment API,https://jolapi.youfit.com/api/Plans/GetMemberShipPlan?clubnumber=7363,https://join.youfit.com/miami-112th-ave,2026-09-01T01:59:02.586924+00:00,Official YouFit enrollment API. clubFeeTotalAmount reported as 64.19; stored in notes rather than relabeled as an annual fee.
YouFit,7363,Miami 112th,"3900 SW 112th Ave, Miami, FL, 33165",Miami-Dade County,Official Florida club,PREMIUM ,MONTH-TO-MONTH,Standard scheduled dues,10.0,Bi-Weekly,21.67,19.0,,23.25,,2 Week Free!!,,Observed,Official YouFit enrollment API,https://jolapi.youfit.com/api/Plans/GetMemberShipPlan?clubnumber=7363,https://join.youfit.com/miami-112th-ave,2026-09-01T01:59:02.586924+00:00,Official YouFit enrollment API. clubFeeTotalAmount reported as 64.19; stored in notes rather than relabeled as an annual fee.
YouFit,7363,Miami 112th,"3900 SW 112th Ave, Miami, FL, 33165",Miami-Dade County,Official Florida club,BASIC,12-MONTH,Standard scheduled dues,5.0,Bi-Weekly,10.83,39.0,,14.08,,EVERYDAY LOW PRICE!!,,Observed,Official YouFit enrollment API,https://jolapi.youfit.com/api/Plans/GetMemberShipPlan?clubnumber=7363,https://join.youfit.com/miami-112th-ave,2026-09-01T01:59:02.586924+00:00,Official YouFit enrollment API. clubFeeTotalAmount reported as 64.19; stored in notes rather than relabeled as an annual fee.
YouFit,7368,Miami 72nd,"15762 sw 72nd St, Miami, FL, 33193",Miami-Dade County,Official Florida club,PREMIUM+,MONTH-TO-MONTH,Standard scheduled dues,15.0,Bi-Weekly,32.5,1.0,,32.58,,2 Weeks Free,,Observed,Official YouFit enrollment API,https://jolapi.youfit.com/api/Plans/GetMemberShipPlan?clubnumber=7368,https://join.youfit.com/miami-72nd-st,2026-09-01T01:59:02.586924+00:00,Official YouFit enrollment API. clubFeeTotalAmount reported as 64.19; stored in notes rather than relabeled as an annual fee.
YouFit,7368,Miami 72nd,"15762 sw 72nd St, Miami, FL, 33193",Miami-Dade County,Official Florida club,PREMIUM ,MONTH-TO-MONTH,Standard scheduled dues,10.0,Bi-Weekly,21.67,19.0,,23.25,,2 Week Free!!,,Observed,Official YouFit enrollment API,https://jolapi.youfit.com/api/Plans/GetMemberShipPlan?clubnumber=7368,https://join.youfit.com/miami-72nd-st,2026-09-01T01:59:02.586924+00:00,Official YouFit enrollment API. clubFeeTotalAmount reported as 64.19; stored in notes rather than relabeled as an annual fee.
YouFit,7368,Miami 72nd,"15762 sw 72nd St, Miami, FL, 33193",Miami-Dade County,Official Florida club,BASIC,12-MONTH,Standard scheduled dues,5.0,Bi-Weekly,10.83,39.0,,14.08,,EVERYDAY LOW PRICE!!,,Observed,Official YouFit enrollment API,https://jolapi.youfit.com/api/Plans/GetMemberShipPlan?clubnumber=7368,https://join.youfit.com/miami-72nd-st,2026-09-01T01:59:02.586924+00:00,Official YouFit enrollment API. clubFeeTotalAmount reported as 64.19; stored in notes rather than relabeled as an annual fee.
YouFit,7438,Miami 127th,"20001 SW 127th Ave, Miami, FL, 33177",Miami-Dade County,Official Florida club,PREMIUM+,MONTH-TO-MONTH,Standard scheduled dues,15.0,Bi-Weekly,32.5,1.0,,32.58,,2 Weeks Free,,Observed,Official YouFit enrollment API,https://jolapi.youfit.com/api/Plans/GetMemberShipPlan?clubnumber=7438,https://join.youfit.com/miami-127th-ave,2026-09-01T01:59:02.586924+00:00,Official YouFit enrollment API. clubFeeTotalAmount reported as 64.19; stored in notes rather than relabeled as an annual fee.
YouFit,7438,Miami 127th,"20001 SW 127th Ave, Miami, FL, 33177",Miami-Dade County,Official Florida club,PREMIUM ,MONTH-TO-MONTH,Standard scheduled dues,10.0,Bi-Weekly,21.67,19.0,,23.25,,2 Week Free!!,,Observed,Official YouFit enrollment API,https://jolapi.youfit.com/api/Plans/GetMemberShipPlan?clubnumber=7438,https://join.youfit.com/miami-127th-ave,2026-09-01T01:59:02.586924+00:00,Official YouFit enrollment API. clubFeeTotalAmount reported as 64.19; stored in notes rather than relabeled as an annual fee.
YouFit,7438,Miami 127th,"20001 SW 127th Ave, Miami, FL, 33177",Miami-Dade County,Official Florida club,BASIC,12-MONTH,Standard scheduled dues,5.0,Bi-Weekly,10.83,39.0,,14.08,,EVERYDAY LOW PRICE!!,,Observed,Official YouFit enrollment API,https://jolapi.youfit.com/api/Plans/GetMemberShipPlan?clubnumber=7438,https://join.youfit.com/miami-127th-ave,2026-09-01T01:59:02.586924+00:00,Official YouFit enrollment API. clubFeeTotalAmount reported as 64.19; stored in notes rather than relabeled as an annual fee.
YouFit,7446,Coral Gables,"7070 Coral Way, Miami, FL, 33155",Miami-Dade County,Official Florida club,PREMIUM+,MONTH-TO-MONTH,Standard scheduled dues,15.0,Bi-Weekly,32.5,1.0,,32.58,,2 Weeks Free,,Observed,Official YouFit enrollment API,https://jolapi.youfit.com/api/Plans/GetMemberShipPlan?clubnumber=7446,https://join.youfit.com/miami-coral-way,2026-09-01T01:59:02.586924+00:00,Official YouFit enrollment API. clubFeeTotalAmount reported as 64.19; stored in notes rather than relabeled as an annual fee.
YouFit,7446,Coral Gables,"7070 Coral Way, Miami, FL, 33155",Miami-Dade County,Official Florida club,PREMIUM ,MONTH-TO-MONTH,Standard scheduled dues,10.0,Bi-Weekly,21.67,19.0,,23.25,,2 Week Free!!,,Observed,Official YouFit enrollment API,https://jolapi.youfit.com/api/Plans/GetMemberShipPlan?clubnumber=7446,https://join.youfit.com/miami-coral-way,2026-09-01T01:59:02.586924+00:00,Official YouFit enrollment API. clubFeeTotalAmount reported as 64.19; stored in notes rather than relabeled as an annual fee.
YouFit,7446,Coral Gables,"7070 Coral Way, Miami, FL, 33155",Miami-Dade County,Official Florida club,BASIC,12-MONTH,Standard scheduled dues,5.0,Bi-Weekly,10.83,39.0,,14.08,,EVERYDAY LOW PRICE!!,,Observed,Official YouFit enrollment API,https://jolapi.youfit.com/api/Plans/GetMemberShipPlan?clubnumber=7446,https://join.youfit.com/miami-coral-way,2026-09-01T01:59:02.586924+00:00,Official YouFit enrollment API. clubFeeTotalAmount reported as 64.19; stored in notes rather than relabeled as an annual fee.
YouFit,7743,Coconut Grove,"3015 Grand Ave Suite #: 311, Coconut Grove, FL, 33133",Miami-Dade County,Official Florida club,PREMIUM+,MONTH-TO-MONTH,Standard scheduled dues,20.0,Bi-Weekly,43.33,1.0,,43.42,,2 Weeks Free,,Observed,Official YouFit enrollment API,https://jolapi.youfit.com/api/Plans/GetMemberShipPlan?clubnumber=7743,https://join.youfit.com/coconut-grove,2026-09-01T01:59:02.586924+00:00,Official YouFit enrollment API. clubFeeTotalAmount reported as 64.19; stored in notes rather than relabeled as an annual fee.
YouFit,7750,Miami 24th,"8755 SW 24th Street, Miami, FL, 33165",Miami-Dade County,Official Florida club,PREMIUM+,MONTH-TO-MONTH,Standard scheduled dues,15.0,Bi-Weekly,32.5,1.0,,32.58,,2 Weeks Free,,Observed,Official YouFit enrollment API,https://jolapi.youfit.com/api/Plans/GetMemberShipPlan?clubnumber=7750,https://join.youfit.com/miami-24th-st,2026-09-01T01:59:02.586924+00:00,Official YouFit enrollment API. clubFeeTotalAmount reported as 64.19; stored in notes rather than relabeled as an annual fee.
YouFit,7750,Miami 24th,"8755 SW 24th Street, Miami, FL, 33165",Miami-Dade County,Official Florida club,PREMIUM ,MONTH-TO-MONTH,Standard scheduled dues,10.0,Bi-Weekly,21.67,19.0,,23.25,,2 Week Free!!,,Observed,Official YouFit enrollment API,https://jolapi.youfit.com/api/Plans/GetMemberShipPlan?clubnumber=7750,https://join.youfit.com/miami-24th-st,2026-09-01T01:59:02.586924+00:00,Official YouFit enrollment API. clubFeeTotalAmount reported as 64.19; stored in notes rather than relabeled as an annual fee.
YouFit,7750,Miami 24th,"8755 SW 24th Street, Miami, FL, 33165",Miami-Dade County,Official Florida club,BASIC,12-MONTH,Standard scheduled dues,5.0,Bi-Weekly,10.83,39.0,,14.08,,EVERYDAY LOW PRICE!!,,Observed,Official YouFit enrollment API,https://jolapi.youfit.com/api/Plans/GetMemberShipPlan?clubnumber=7750,https://join.youfit.com/miami-24th-st,2026-09-01T01:59:02.586924+00:00,Official YouFit enrollment API. clubFeeTotalAmount reported as 64.19; stored in notes rather than relabeled as an annual fee.
YouFit,7753,Miami 152nd,"11237 SW 152nd Street, Miami, FL, 33157",Miami-Dade County,Official Florida club,PREMIUM+,MONTH-TO-MONTH,Standard scheduled dues,15.0,Bi-Weekly,32.5,1.0,,32.58,,2 Weeks Free,,Observed,Official YouFit enrollment API,https://jolapi.youfit.com/api/Plans/GetMemberShipPlan?clubnumber=7753,https://join.youfit.com/miami-152nd-st,2026-09-01T01:59:02.586924+00:00,Official YouFit enrollment API. clubFeeTotalAmount reported as 64.19; stored in notes rather than relabeled as an annual fee.
YouFit,7753,Miami 152nd,"11237 SW 152nd Street, Miami, FL, 33157",Miami-Dade County,Official Florida club,PREMIUM ,MONTH-TO-MONTH,Standard scheduled dues,10.0,Bi-Weekly,21.67,19.0,,23.25,,2 Week Free!!,,Observed,Official YouFit enrollment API,https://jolapi.youfit.com/api/Plans/GetMemberShipPlan?clubnumber=7753,https://join.youfit.com/miami-152nd-st,2026-09-01T01:59:02.586924+00:00,Official YouFit enrollment API. clubFeeTotalAmount reported as 64.19; stored in notes rather than relabeled as an annual fee.
YouFit,7753,Miami 152nd,"11237 SW 152nd Street, Miami, FL, 33157",Miami-Dade County,Official Florida club,BASIC,12-MONTH,Standard scheduled dues,5.0,Bi-Weekly,10.83,39.0,,14.08,,EVERYDAY LOW PRICE!!,,Observed,Official YouFit enrollment API,https://jolapi.youfit.com/api/Plans/GetMemberShipPlan?clubnumber=7753,https://join.youfit.com/miami-152nd-st,2026-09-01T01:59:02.586924+00:00,Official YouFit enrollment API. clubFeeTotalAmount reported as 64.19; stored in notes rather than relabeled as an annual fee.
YouFit,7766,Miami 26th,"11865 SW 26th St Suite B13, Miami, FL, 33175",Miami-Dade County,Official Florida club,PREMIUM+,MONTH-TO-MONTH,Standard scheduled dues,15.0,Bi-Weekly,32.5,1.0,,32.58,,2 Weeks Free,,Observed,Official YouFit enrollment API,https://jolapi.youfit.com/api/Plans/GetMemberShipPlan?clubnumber=7766,https://join.youfit.com/miami-26th-st,2026-09-01T01:59:02.586924+00:00,Official YouFit enrollment API. clubFeeTotalAmount reported as 64.19; stored in notes rather than relabeled as an annual fee.
YouFit,7766,Miami 26th,"11865 SW 26th St Suite B13, Miami, FL, 33175",Miami-Dade County,Official Florida club,PREMIUM ,MONTH-TO-MONTH,Standard scheduled dues,10.0,Bi-Weekly,21.67,19.0,,23.25,,2 Week Free!!,,Observed,Official YouFit enrollment API,https://jolapi.youfit.com/api/Plans/GetMemberShipPlan?clubnumber=7766,https://join.youfit.com/miami-26th-st,2026-09-01T01:59:02.586924+00:00,Official YouFit enrollment API. clubFeeTotalAmount reported as 64.19; stored in notes rather than relabeled as an annual fee.
YouFit,7766,Miami 26th,"11865 SW 26th St Suite B13, Miami, FL, 33175",Miami-Dade County,Official Florida club,BASIC,12-MONTH,Standard scheduled dues,5.0,Bi-Weekly,10.83,39.0,,14.08,,EVERYDAY LOW PRICE!!,,Observed,Official YouFit enrollment API,https://jolapi.youfit.com/api/Plans/GetMemberShipPlan?clubnumber=7766,https://join.youfit.com/miami-26th-st,2026-09-01T01:59:02.586924+00:00,Official YouFit enrollment API. clubFeeTotalAmount reported as 64.19; stored in notes rather than relabeled as an annual fee.
YouFit,7780,Hammocks,"10201 Hammocks Blvd Suite 130, Miami, FL, 33196",Miami-Dade County,Official Florida club,PREMIUM+,MONTH-TO-MONTH,Standard scheduled dues,15.0,Bi-Weekly,32.5,1.0,,32.58,,2 Weeks Free,,Observed,Official YouFit enrollment API,https://jolapi.youfit.com/api/Plans/GetMemberShipPlan?clubnumber=7780,https://join.youfit.com/kendall-hammocks-blvd,2026-09-01T01:59:02.586924+00:00,Official YouFit enrollment API. clubFeeTotalAmount reported as 64.19; stored in notes rather than relabeled as an annual fee.
YouFit,7780,Hammocks,"10201 Hammocks Blvd Suite 130, Miami, FL, 33196",Miami-Dade County,Official Florida club,PREMIUM ,MONTH-TO-MONTH,Standard scheduled dues,10.0,Bi-Weekly,21.67,19.0,,23.25,,2 Week Free!!,,Observed,Official YouFit enrollment API,https://jolapi.youfit.com/api/Plans/GetMemberShipPlan?clubnumber=7780,https://join.youfit.com/kendall-hammocks-blvd,2026-09-01T01:59:02.586924+00:00,Official YouFit enrollment API. clubFeeTotalAmount reported as 64.19; stored in notes rather than relabeled as an annual fee.
YouFit,7780,Hammocks,"10201 Hammocks Blvd Suite 130, Miami, FL, 33196",Miami-Dade County,Official Florida club,BASIC,12-MONTH,Standard scheduled dues,5.0,Bi-Weekly,10.83,39.0,,14.08,,EVERYDAY LOW PRICE!!,,Observed,Official YouFit enrollment API,https://jolapi.youfit.com/api/Plans/GetMemberShipPlan?clubnumber=7780,https://join.youfit.com/kendall-hammocks-blvd,2026-09-01T01:59:02.586924+00:00,Official YouFit enrollment API. clubFeeTotalAmount reported as 64.19; stored in notes rather than relabeled as an annual fee.
YouFit,7798,Flagler,"8311 West Flagler Street, Miami, FL, 33126",Miami-Dade County,Official Florida club,PREMIUM+,MONTH-TO-MONTH,Standard scheduled dues,15.0,Bi-Weekly,32.5,1.0,,32.58,,2 Weeks Free,,Observed,Official YouFit enrollment API,https://jolapi.youfit.com/api/Plans/GetMemberShipPlan?clubnumber=7798,https://join.youfit.com/miami-flagler-st,2026-09-01T01:59:02.586924+00:00,Official YouFit enrollment API. clubFeeTotalAmount reported as 64.19; stored in notes rather than relabeled as an annual fee.
YouFit,7798,Flagler,"8311 West Flagler Street, Miami, FL, 33126",Miami-Dade County,Official Florida club,PREMIUM ,MONTH-TO-MONTH,Standard scheduled dues,10.0,Bi-Weekly,21.67,19.0,,23.25,,2 Week Free!!,,Observed,Official YouFit enrollment API,https://jolapi.youfit.com/api/Plans/GetMemberShipPlan?clubnumber=7798,https://join.youfit.com/miami-flagler-st,2026-09-01T01:59:02.586924+00:00,Official YouFit enrollment API. clubFeeTotalAmount reported as 64.19; stored in notes rather than relabeled as an annual fee.
YouFit,7798,Flagler,"8311 West Flagler Street, Miami, FL, 33126",Miami-Dade County,Official Florida club,BASIC,12-MONTH,Standard scheduled dues,5.0,Bi-Weekly,10.83,39.0,,14.08,,EVERYDAY LOW PRICE!!,,Observed,Official YouFit enrollment API,https://jolapi.youfit.com/api/Plans/GetMemberShipPlan?clubnumber=7798,https://join.youfit.com/miami-flagler-st,2026-09-01T01:59:02.586924+00:00,Official YouFit enrollment API. clubFeeTotalAmount reported as 64.19; stored in notes rather than relabeled as an annual fee.
Gold's Gym,bonita-springs,,,,Official Florida club,,,,,,,,,,,,,Request failed,Official Gold's Gym local enrollment page,https://www.goldsgym.com/locations/fl/bonita-springs/,,2026-09-01T01:59:02.586924+00:00,HTTPError: HTTP Error 403: Forbidden
Gold's Gym,daytona-beach,Gold's Gym - Daytona Beach,"1808 W. International Speedway Blvd, Suite 601, Daytona Beach, FL, 32114",Volusia County,Official Florida club,Month To Month - Gold Plus,Month To Month - Gold Plus,Standard advertised dues,24.99,Bi-Weekly,54.15,0.0,59.99,59.14,,August 2026 offer,,Observed,Official Gold's Gym local enrollment page,https://pages.gleantap.org/67b4f91b46d16f4b6835d993/august-special-19.99-to-join,https://www.goldsgym.com/locations/fl/daytona-beach/,2026-09-01T01:59:02.586924+00:00,Franchise-specific offer; prices shown before tax where stated.
Gold's Gym,daytona-beach,Gold's Gym - Daytona Beach,"1808 W. International Speedway Blvd, Suite 601, Daytona Beach, FL, 32114",Volusia County,Official Florida club,12 Month Commitment,12 Month Commitment,Standard advertised dues,19.99,Bi-Weekly,43.31,0.0,59.99,48.31,,August 2026 offer,,Observed,Official Gold's Gym local enrollment page,https://pages.gleantap.org/67b4f91b46d16f4b6835d993/august-special-19.99-to-join,https://www.goldsgym.com/locations/fl/daytona-beach/,2026-09-01T01:59:02.586924+00:00,Franchise-specific offer; prices shown before tax where stated.
Gold's Gym,daytona-beach,Gold's Gym - Daytona Beach,"1808 W. International Speedway Blvd, Suite 601, Daytona Beach, FL, 32114",Volusia County,Official Florida club,12 Month Paid In Full,12 Month Paid In Full,Standard advertised dues,499.99,One-Time,33.33,0.0,0.0,33.33,,August 2026 offer,,Observed,Official Gold's Gym local enrollment page,https://pages.gleantap.org/67b4f91b46d16f4b6835d993/august-special-19.99-to-join,https://www.goldsgym.com/locations/fl/daytona-beach/,2026-09-01T01:59:02.586924+00:00,Franchise-specific offer; prices shown before tax where stated.
Gold's Gym,destin,,,,Official Florida club,,,,,,,,,,,,,Request failed,Official Gold's Gym local enrollment page,https://www.goldsgym.com/locations/fl/destin/,,2026-09-01T01:59:02.586924+00:00,HTTPError: HTTP Error 403: Forbidden
Gold's Gym,fortwaltonbeach,Gold's Gym - Fortwaltonbeach,"140 Eglin Parkway SE  , Fort Walton Beach, FL, 32548",Okaloosa County,Official Florida club,,,,,,,,,,,,,No public rate found,Official Gold's Gym local enrollment page,https://onlinejoin.abcfitness.com/signup/plan?club=04478,https://www.goldsgym.com/locations/fl/fortwaltonbeach/,2026-09-01T01:59:02.586924+00:00,The official enrollment endpoint was reachable but did not expose a parseable public price.
Gold's Gym,ocala,Gold's Gym - Ocala,"4417 NW Blitchton Rd, Ocala, FL, 34482",Marion County,Official Florida club,,,,,,,,,,,,,No public rate found,Official Gold's Gym local enrollment page,https://onlinejoin.abcfitness.com/signup/plan?club=03422,https://www.goldsgym.com/locations/fl/ocala/,2026-09-01T01:59:02.586924+00:00,The official enrollment endpoint was reachable but did not expose a parseable public price.
Gold's Gym,tampa-gas-worx,Gold's Gym - Tampa Gas Worx,"802 N. 12th Street, Tampa, FL, 33602",Hillsborough County,Official Florida club,Gas Worx advertised plan 1,Gas Worx advertised plan 1,Standard advertised dues,59.99,Bi-Weekly,129.98,,,129.98,,,,Observed,Official Gold's Gym local enrollment page,https://goldsgymgasworx.com/memberships/,https://www.goldsgym.com/locations/fl/tampa-gas-worx/,2026-09-01T01:59:02.586924+00:00,Franchise-specific offer; prices shown before tax where stated.
Gold's Gym,tampa-gas-worx,Gold's Gym - Tampa Gas Worx,"802 N. 12th Street, Tampa, FL, 33602",Hillsborough County,Official Florida club,Gas Worx advertised plan 2,Gas Worx advertised plan 2,Standard advertised dues,49.99,Bi-Weekly,108.31,,,108.31,,,,Observed,Official Gold's Gym local enrollment page,https://goldsgymgasworx.com/memberships/,https://www.goldsgym.com/locations/fl/tampa-gas-worx/,2026-09-01T01:59:02.586924+00:00,Franchise-specific offer; prices shown before tax where stated.
Gold's Gym,tampa-gas-worx,Gold's Gym - Tampa Gas Worx,"802 N. 12th Street, Tampa, FL, 33602",Hillsborough County,Official Florida club,Gas Worx advertised plan 3,Gas Worx advertised plan 3,Standard advertised dues,179.0,Monthly,179.0,,,179.0,,,,Observed,Official Gold's Gym local enrollment page,https://goldsgymgasworx.com/memberships/,https://www.goldsgym.com/locations/fl/tampa-gas-worx/,2026-09-01T01:59:02.586924+00:00,Franchise-specific offer; prices shown before tax where stated.
Gold's Gym,tampa-gas-worx,Gold's Gym - Tampa Gas Worx,"802 N. 12th Street, Tampa, FL, 33602",Hillsborough County,Official Florida club,Gas Worx advertised plan 4,Gas Worx advertised plan 4,Standard advertised dues,289.0,Monthly,289.0,,,289.0,,,,Observed,Official Gold's Gym local enrollment page,https://goldsgymgasworx.com/memberships/,https://www.goldsgym.com/locations/fl/tampa-gas-worx/,2026-09-01T01:59:02.586924+00:00,Franchise-specific offer; prices shown before tax where stated.
Orangetheory Fitness,1414,"Winter Springs, FL","5701 Red Bug Lake Rd, Winter Springs, FL, 32708",Seminole County,Official Florida studio,Premier,Premier,Standard advertised dues,159.0,Monthly,159.0,,,159.0,109.0,Active,"Jan 01, 2027",Observed,Official Orangetheory studio page,https://www.orangetheory.com/en-us/locations/winter-springs-florida-1414,https://www.orangetheory.com/en-us/locations/winter-springs-florida-1414,2026-09-01T01:59:02.586924+00:00,Prices are studio-specific and plan-specific; standard price retained even when a first-month promotion is active.
Orangetheory Fitness,1414,"Winter Springs, FL","5701 Red Bug Lake Rd, Winter Springs, FL, 32708",Seminole County,Official Florida studio,Elite,Elite,Standard advertised dues,99.0,Monthly,99.0,,,99.0,,Inactive,,Observed,Official Orangetheory studio page,https://www.orangetheory.com/en-us/locations/winter-springs-florida-1414,https://www.orangetheory.com/en-us/locations/winter-springs-florida-1414,2026-09-01T01:59:02.586924+00:00,Prices are studio-specific and plan-specific; standard price retained even when a first-month promotion is active.
Orangetheory Fitness,1414,"Winter Springs, FL","5701 Red Bug Lake Rd, Winter Springs, FL, 32708",Seminole County,Official Florida studio,Basic,Basic,Standard advertised dues,59.0,Monthly,59.0,,,59.0,,Inactive,,Observed,Official Orangetheory studio page,https://www.orangetheory.com/en-us/locations/winter-springs-florida-1414,https://www.orangetheory.com/en-us/locations/winter-springs-florida-1414,2026-09-01T01:59:02.586924+00:00,Prices are studio-specific and plan-specific; standard price retained even when a first-month promotion is active.
Orangetheory Fitness,0108,"Winter Park, FL","115 S Orlando Ave, Winter Park, FL, 32789",Orange County,Official Florida studio,Premier,Premier,Standard advertised dues,159.0,Monthly,159.0,,,159.0,109.0,Active,"Jan 01, 2027",Observed,Official Orangetheory studio page,https://www.orangetheory.com/en-us/locations/winter-park-florida-0108,https://www.orangetheory.com/en-us/locations/winter-park-florida-0108,2026-09-01T01:59:02.586924+00:00,Prices are studio-specific and plan-specific; standard price retained even when a first-month promotion is active.
Orangetheory Fitness,0108,"Winter Park, FL","115 S Orlando Ave, Winter Park, FL, 32789",Orange County,Official Florida studio,Elite,Elite,Standard advertised dues,99.0,Monthly,99.0,,,99.0,,Inactive,,Observed,Official Orangetheory studio page,https://www.orangetheory.com/en-us/locations/winter-park-florida-0108,https://www.orangetheory.com/en-us/locations/winter-park-florida-0108,2026-09-01T01:59:02.586924+00:00,Prices are studio-specific and plan-specific; standard price retained even when a first-month promotion is active.
Orangetheory Fitness,0108,"Winter Park, FL","115 S Orlando Ave, Winter Park, FL, 32789",Orange County,Official Florida studio,Basic,Basic,Standard advertised dues,59.0,Monthly,59.0,,,59.0,,Inactive,,Observed,Official Orangetheory studio page,https://www.orangetheory.com/en-us/locations/winter-park-florida-0108,https://www.orangetheory.com/en-us/locations/winter-park-florida-0108,2026-09-01T01:59:02.586924+00:00,Prices are studio-specific and plan-specific; standard price retained even when a first-month promotion is active.
Orangetheory Fitness,525,"Winter Garden, FL","2883 Maguire Rd Unit Suite A1004 and A1005, Windermere, FL, 34786",Orange County,Official Florida studio,Premier,Premier,Standard advertised dues,179.0,Monthly,179.0,,,179.0,129.0,Active,"Jan 01, 2027",Observed,Official Orangetheory studio page,https://www.orangetheory.com/en-us/locations/windermere-florida-0525,https://www.orangetheory.com/en-us/locations/windermere-florida-0525,2026-09-01T01:59:02.586924+00:00,Prices are studio-specific and plan-specific; standard price retained even when a first-month promotion is active.
Orangetheory Fitness,525,"Winter Garden, FL","2883 Maguire Rd Unit Suite A1004 and A1005, Windermere, FL, 34786",Orange County,Official Florida studio,Elite,Elite,Standard advertised dues,119.0,Monthly,119.0,,,119.0,,Inactive,,Observed,Official Orangetheory studio page,https://www.orangetheory.com/en-us/locations/windermere-florida-0525,https://www.orangetheory.com/en-us/locations/windermere-florida-0525,2026-09-01T01:59:02.586924+00:00,Prices are studio-specific and plan-specific; standard price retained even when a first-month promotion is active.
Orangetheory Fitness,525,"Winter Garden, FL","2883 Maguire Rd Unit Suite A1004 and A1005, Windermere, FL, 34786",Orange County,Official Florida studio,Basic,Basic,Standard advertised dues,79.0,Monthly,79.0,,,79.0,,Inactive,,Observed,Official Orangetheory studio page,https://www.orangetheory.com/en-us/locations/windermere-florida-0525,https://www.orangetheory.com/en-us/locations/windermere-florida-0525,2026-09-01T01:59:02.586924+00:00,Prices are studio-specific and plan-specific; standard price retained even when a first-month promotion is active.
Orangetheory Fitness,0459,"Windermere, FL","13620 Summerport Village Pkwy, Windermere, FL, 34786",Orange County,Official Florida studio,Premier,Premier,Standard advertised dues,179.0,Monthly,179.0,,,179.0,129.0,Active,"Jan 01, 2027",Observed,Official Orangetheory studio page,https://www.orangetheory.com/en-us/locations/windermere-florida-0459,https://www.orangetheory.com/en-us/locations/windermere-florida-0459,2026-09-01T01:59:02.586924+00:00,Prices are studio-specific and plan-specific; standard price retained even when a first-month promotion is active.
Orangetheory Fitness,0459,"Windermere, FL","13620 Summerport Village Pkwy, Windermere, FL, 34786",Orange County,Official Florida studio,Elite,Elite,Standard advertised dues,119.0,Monthly,119.0,,,119.0,,Inactive,,Observed,Official Orangetheory studio page,https://www.orangetheory.com/en-us/locations/windermere-florida-0459,https://www.orangetheory.com/en-us/locations/windermere-florida-0459,2026-09-01T01:59:02.586924+00:00,Prices are studio-specific and plan-specific; standard price retained even when a first-month promotion is active.
Orangetheory Fitness,0459,"Windermere, FL","13620 Summerport Village Pkwy, Windermere, FL, 34786",Orange County,Official Florida studio,Basic,Basic,Standard advertised dues,79.0,Monthly,79.0,,,79.0,,Inactive,,Observed,Official Orangetheory studio page,https://www.orangetheory.com/en-us/locations/windermere-florida-0459,https://www.orangetheory.com/en-us/locations/windermere-florida-0459,2026-09-01T01:59:02.586924+00:00,Prices are studio-specific and plan-specific; standard price retained even when a first-month promotion is active.
Orangetheory Fitness,8,"Weston, FL","1132 Weston Rd, Weston, FL, 33326",Broward County,Official Florida studio,Premier,Premier,Standard advertised dues,179.0,Monthly,179.0,,,179.0,129.0,Active,"Jan 01, 2027",Observed,Official Orangetheory studio page,https://www.orangetheory.com/en-us/locations/weston-florida-0008,https://www.orangetheory.com/en-us/locations/weston-florida-0008,2026-09-01T01:59:02.586924+00:00,Prices are studio-specific and plan-specific; standard price retained even when a first-month promotion is active.
Orangetheory Fitness,8,"Weston, FL","1132 Weston Rd, Weston, FL, 33326",Broward County,Official Florida studio,Elite,Elite,Standard advertised dues,119.0,Monthly,119.0,,,119.0,,Inactive,,Observed,Official Orangetheory studio page,https://www.orangetheory.com/en-us/locations/weston-florida-0008,https://www.orangetheory.com/en-us/locations/weston-florida-0008,2026-09-01T01:59:02.586924+00:00,Prices are studio-specific and plan-specific; standard price retained even when a first-month promotion is active.
Orangetheory Fitness,8,"Weston, FL","1132 Weston Rd, Weston, FL, 33326",Broward County,Official Florida studio,Basic,Basic,Standard advertised dues,79.0,Monthly,79.0,,,79.0,,Inactive,,Observed,Official Orangetheory studio page,https://www.orangetheory.com/en-us/locations/weston-florida-0008,https://www.orangetheory.com/en-us/locations/weston-florida-0008,2026-09-01T01:59:02.586924+00:00,Prices are studio-specific and plan-specific; standard price retained even when a first-month promotion is active.
Orangetheory Fitness,1542,"Westlake, FL","4951 Seminole Pratt Whitney Rd, Westlake, FL, 33470",Palm Beach County,Official Florida studio,Basic,Basic,Standard advertised dues,79.0,Monthly,79.0,,,79.0,,Inactive,,Observed,Official Orangetheory studio page,https://www.orangetheory.com/en-us/locations/westlake-florida-1542,https://www.orangetheory.com/en-us/locations/westlake-florida-1542,2026-09-01T01:59:02.586924+00:00,Prices are studio-specific and plan-specific; standard price retained even when a first-month promotion is active.
Orangetheory Fitness,1542,"Westlake, FL","4951 Seminole Pratt Whitney Rd, Westlake, FL, 33470",Palm Beach County,Official Florida studio,Elite,Elite,Standard advertised dues,119.0,Monthly,119.0,,,119.0,,Inactive,,Observed,Official Orangetheory studio page,https://www.orangetheory.com/en-us/locations/westlake-florida-1542,https://www.orangetheory.com/en-us/locations/westlake-florida-1542,2026-09-01T01:59:02.586924+00:00,Prices are studio-specific and plan-specific; standard price retained even when a first-month promotion is active.
Orangetheory Fitness,1542,"Westlake, FL","4951 Seminole Pratt Whitney Rd, Westlake, FL, 33470",Palm Beach County,Official Florida studio,Premier,Premier,Standard advertised dues,179.0,Monthly,179.0,,,179.0,129.0,Active,"Jan 01, 2027",Observed,Official Orangetheory studio page,https://www.orangetheory.com/en-us/locations/westlake-florida-1542,https://www.orangetheory.com/en-us/locations/westlake-florida-1542,2026-09-01T01:59:02.586924+00:00,Prices are studio-specific and plan-specific; standard price retained even when a first-month promotion is active.
Orangetheory Fitness,0097,"West Kendall, FL","14627 SW 56th St, Miami, FL, 33175",Miami-Dade County,Official Florida studio,Premier,Premier,Standard advertised dues,179.0,Monthly,179.0,,,179.0,129.0,Active,"Jan 01, 2027",Observed,Official Orangetheory studio page,https://www.orangetheory.com/en-us/locations/miami-florida-0097,https://www.orangetheory.com/en-us/locations/miami-florida-0097,2026-09-01T01:59:02.586924+00:00,Prices are studio-specific and plan-specific; standard price retained even when a first-month promotion is active.
Orangetheory Fitness,0097,"West Kendall, FL","14627 SW 56th St, Miami, FL, 33175",Miami-Dade County,Official Florida studio,Elite,Elite,Standard advertised dues,119.0,Monthly,119.0,,,119.0,,Inactive,,Observed,Official Orangetheory studio page,https://www.orangetheory.com/en-us/locations/miami-florida-0097,https://www.orangetheory.com/en-us/locations/miami-florida-0097,2026-09-01T01:59:02.586924+00:00,Prices are studio-specific and plan-specific; standard price retained even when a first-month promotion is active.
Orangetheory Fitness,0097,"West Kendall, FL","14627 SW 56th St, Miami, FL, 33175",Miami-Dade County,Official Florida studio,Basic,Basic,Standard advertised dues,79.0,Monthly,79.0,,,79.0,,Inactive,,Observed,Official Orangetheory studio page,https://www.orangetheory.com/en-us/locations/miami-florida-0097,https://www.orangetheory.com/en-us/locations/miami-florida-0097,2026-09-01T01:59:02.586924+00:00,Prices are studio-specific and plan-specific; standard price retained even when a first-month promotion is active.
Orangetheory Fitness,128,"Wellington, FL","2625 FL 7, Wellington, FL, 33414",Palm Beach County,Official Florida studio,Premier,Premier,Standard advertised dues,179.0,Monthly,179.0,,,179.0,129.0,Active,"Jan 01, 2027",Observed,Official Orangetheory studio page,https://www.orangetheory.com/en-us/locations/wellington-florida-0128,https://www.orangetheory.com/en-us/locations/wellington-florida-0128,2026-09-01T01:59:02.586924+00:00,Prices are studio-specific and plan-specific; standard price retained even when a first-month promotion is active.
Orangetheory Fitness,128,"Wellington, FL","2625 FL 7, Wellington, FL, 33414",Palm Beach County,Official Florida studio,Elite,Elite,Standard advertised dues,119.0,Monthly,119.0,,,119.0,,Inactive,,Observed,Official Orangetheory studio page,https://www.orangetheory.com/en-us/locations/wellington-florida-0128,https://www.orangetheory.com/en-us/locations/wellington-florida-0128,2026-09-01T01:59:02.586924+00:00,Prices are studio-specific and plan-specific; standard price retained even when a first-month promotion is active.
Orangetheory Fitness,128,"Wellington, FL","2625 FL 7, Wellington, FL, 33414",Palm Beach County,Official Florida studio,Basic,Basic,Standard advertised dues,79.0,Monthly,79.0,,,79.0,,Inactive,,Observed,Official Orangetheory studio page,https://www.orangetheory.com/en-us/locations/wellington-florida-0128,https://www.orangetheory.com/en-us/locations/wellington-florida-0128,2026-09-01T01:59:02.586924+00:00,Prices are studio-specific and plan-specific; standard price retained even when a first-month promotion is active.
Orangetheory Fitness,282,"Wesley Chapel, FL","28210 Paseo Dr #110, Wesley Chapel, FL, 33543",Pasco County,Official Florida studio,Premier,Premier,Standard advertised dues,179.0,Monthly,179.0,,,179.0,129.0,Active,"Jan 01, 2027",Observed,Official Orangetheory studio page,https://www.orangetheory.com/en-us/locations/wesley-chapel-florida-0282,https://www.orangetheory.com/en-us/locations/wesley-chapel-florida-0282,2026-09-01T01:59:02.586924+00:00,Prices are studio-specific and plan-specific; standard price retained even when a first-month promotion is active.
Orangetheory Fitness,282,"Wesley Chapel, FL","28210 Paseo Dr #110, Wesley Chapel, FL, 33543",Pasco County,Official Florida studio,Elite,Elite,Standard advertised dues,119.0,Monthly,119.0,,,119.0,,Inactive,,Observed,Official Orangetheory studio page,https://www.orangetheory.com/en-us/locations/wesley-chapel-florida-0282,https://www.orangetheory.com/en-us/locations/wesley-chapel-florida-0282,2026-09-01T01:59:02.586924+00:00,Prices are studio-specific and plan-specific; standard price retained even when a first-month promotion is active.
Orangetheory Fitness,282,"Wesley Chapel, FL","28210 Paseo Dr #110, Wesley Chapel, FL, 33543",Pasco County,Official Florida studio,Basic,Basic,Standard advertised dues,79.0,Monthly,79.0,,,79.0,,Inactive,,Observed,Official Orangetheory studio page,https://www.orangetheory.com/en-us/locations/wesley-chapel-florida-0282,https://www.orangetheory.com/en-us/locations/wesley-chapel-florida-0282,2026-09-01T01:59:02.586924+00:00,Prices are studio-specific and plan-specific; standard price retained even when a first-month promotion is active.
Orangetheory Fitness,0606,"Vero Beach, FL","5240 US 1, Vero Beach, FL, 32967",Indian River County,Official Florida studio,Premier,Premier,Standard advertised dues,169.0,Monthly,169.0,,,169.0,119.0,Active,"Jan 01, 2027",Observed,Official Orangetheory studio page,https://www.orangetheory.com/en-us/locations/vero-beach-florida-0606,https://www.orangetheory.com/en-us/locations/vero-beach-florida-0606,2026-09-01T01:59:02.586924+00:00,Prices are studio-specific and plan-specific; standard price retained even when a first-month promotion is active.
Orangetheory Fitness,0606,"Vero Beach, FL","5240 US 1, Vero Beach, FL, 32967",Indian River County,Official Florida studio,Elite,Elite,Standard advertised dues,109.0,Monthly,109.0,,,109.0,,Inactive,,Observed,Official Orangetheory studio page,https://www.orangetheory.com/en-us/locations/vero-beach-florida-0606,https://www.orangetheory.com/en-us/locations/vero-beach-florida-0606,2026-09-01T01:59:02.586924+00:00,Prices are studio-specific and plan-specific; standard price retained even when a first-month promotion is active.
Orangetheory Fitness,0606,"Vero Beach, FL","5240 US 1, Vero Beach, FL, 32967",Indian River County,Official Florida studio,Basic,Basic,Standard advertised dues,69.0,Monthly,69.0,,,69.0,,Inactive,,Observed,Official Orangetheory studio page,https://www.orangetheory.com/en-us/locations/vero-beach-florida-0606,https://www.orangetheory.com/en-us/locations/vero-beach-florida-0606,2026-09-01T01:59:02.586924+00:00,Prices are studio-specific and plan-specific; standard price retained even when a first-month promotion is active.
Orangetheory Fitness,0078,"Tyrone, FL","1530 66th St N, St. Petersburg, FL, 33710",Pinellas County,Official Florida studio,Premier,Premier,Standard advertised dues,179.0,Monthly,179.0,,,179.0,129.0,Active,"Jan 01, 2027",Observed,Official Orangetheory studio page,https://www.orangetheory.com/en-us/locations/st-petersburg-florida-0078,https://www.orangetheory.com/en-us/locations/st-petersburg-florida-0078,2026-09-01T01:59:02.586924+00:00,Prices are studio-specific and plan-specific; standard price retained even when a first-month promotion is active.
Orangetheory Fitness,0078,"Tyrone, FL","1530 66th St N, St. Petersburg, FL, 33710",Pinellas County,Official Florida studio,Elite,Elite,Standard advertised dues,119.0,Monthly,119.0,,,119.0,,Inactive,,Observed,Official Orangetheory studio page,https://www.orangetheory.com/en-us/locations/st-petersburg-florida-0078,https://www.orangetheory.com/en-us/locations/st-petersburg-florida-0078,2026-09-01T01:59:02.586924+00:00,Prices are studio-specific and plan-specific; standard price retained even when a first-month promotion is active.
Orangetheory Fitness,0078,"Tyrone, FL","1530 66th St N, St. Petersburg, FL, 33710",Pinellas County,Official Florida studio,Basic,Basic,Standard advertised dues,79.0,Monthly,79.0,,,79.0,,Inactive,,Observed,Official Orangetheory studio page,https://www.orangetheory.com/en-us/locations/st-petersburg-florida-0078,https://www.orangetheory.com/en-us/locations/st-petersburg-florida-0078,2026-09-01T01:59:02.586924+00:00,Prices are studio-specific and plan-specific; standard price retained even when a first-month promotion is active.
Orangetheory Fitness,398,"Trinity, FL","12546 FL 54, Odessa, FL, 33556",Pasco County,Official Florida studio,Premier,Premier,Standard advertised dues,179.0,Monthly,179.0,,,179.0,129.0,Active,"Jan 01, 2027",Observed,Official Orangetheory studio page,https://www.orangetheory.com/en-us/locations/odessa-florida-0398,https://www.orangetheory.com/en-us/locations/odessa-florida-0398,2026-09-01T01:59:02.586924+00:00,Prices are studio-specific and plan-specific; standard price retained even when a first-month promotion is active.
Orangetheory Fitness,398,"Trinity, FL","12546 FL 54, Odessa, FL, 33556",Pasco County,Official Florida studio,Elite,Elite,Standard advertised dues,119.0,Monthly,119.0,,,119.0,,Inactive,,Observed,Official Orangetheory studio page,https://www.orangetheory.com/en-us/locations/odessa-florida-0398,https://www.orangetheory.com/en-us/locations/odessa-florida-0398,2026-09-01T01:59:02.586924+00:00,Prices are studio-specific and plan-specific; standard price retained even when a first-month promotion is active.
Orangetheory Fitness,398,"Trinity, FL","12546 FL 54, Odessa, FL, 33556",Pasco County,Official Florida studio,Basic,Basic,Standard advertised dues,79.0,Monthly,79.0,,,79.0,,Inactive,,Observed,Official Orangetheory studio page,https://www.orangetheory.com/en-us/locations/odessa-florida-0398,https://www.orangetheory.com/en-us/locations/odessa-florida-0398,2026-09-01T01:59:02.586924+00:00,Prices are studio-specific and plan-specific; standard price retained even when a first-month promotion is active.
Orangetheory Fitness,1254,"Tampa-Gandy, FL","4810 S Manhattan Ave #102, Tampa, FL, 33611",Hillsborough County,Official Florida studio,Premier,Premier,Standard advertised dues,179.0,Monthly,179.0,,,179.0,129.0,Active,"Jan 01, 2027",Observed,Official Orangetheory studio page,https://www.orangetheory.com/en-us/locations/tampa-florida-1254,https://www.orangetheory.com/en-us/locations/tampa-florida-1254,2026-09-01T01:59:02.586924+00:00,Prices are studio-specific and plan-specific; standard price retained even when a first-month promotion is active.
Orangetheory Fitness,1254,"Tampa-Gandy, FL","4810 S Manhattan Ave #102, Tampa, FL, 33611",Hillsborough County,Official Florida studio,Elite,Elite,Standard advertised dues,119.0,Monthly,119.0,,,119.0,,Inactive,,Observed,Official Orangetheory studio page,https://www.orangetheory.com/en-us/locations/tampa-florida-1254,https://www.orangetheory.com/en-us/locations/tampa-florida-1254,2026-09-01T01:59:02.586924+00:00,Prices are studio-specific and plan-specific; standard price retained even when a first-month promotion is active.
Orangetheory Fitness,1254,"Tampa-Gandy, FL","4810 S Manhattan Ave #102, Tampa, FL, 33611",Hillsborough County,Official Florida studio,Basic,Basic,Standard advertised dues,79.0,Monthly,79.0,,,79.0,,Inactive,,Observed,Official Orangetheory studio page,https://www.orangetheory.com/en-us/locations/tampa-florida-1254,https://www.orangetheory.com/en-us/locations/tampa-florida-1254,2026-09-01T01:59:02.586924+00:00,Prices are studio-specific and plan-specific; standard price retained even when a first-month promotion is active.
Orangetheory Fitness,181,"Tampa Water Steet, FL","1061 E Cumberland Ave, Tampa, FL, 33602",Hillsborough County,Official Florida studio,Premier,Premier,Standard advertised dues,179.0,Monthly,179.0,,,179.0,129.0,Active,"Jan 01, 2027",Observed,Official Orangetheory studio page,https://www.orangetheory.com/en-us/locations/tampa-florida-0181,https://www.orangetheory.com/en-us/locations/tampa-florida-0181,2026-09-01T01:59:02.586924+00:00,Prices are studio-specific and plan-specific; standard price retained even when a first-month promotion is active.
Orangetheory Fitness,181,"Tampa Water Steet, FL","1061 E Cumberland Ave, Tampa, FL, 33602",Hillsborough County,Official Florida studio,Elite,Elite,Standard advertised dues,119.0,Monthly,119.0,,,119.0,,Inactive,,Observed,Official Orangetheory studio page,https://www.orangetheory.com/en-us/locations/tampa-florida-0181,https://www.orangetheory.com/en-us/locations/tampa-florida-0181,2026-09-01T01:59:02.586924+00:00,Prices are studio-specific and plan-specific; standard price retained even when a first-month promotion is active.
Orangetheory Fitness,181,"Tampa Water Steet, FL","1061 E Cumberland Ave, Tampa, FL, 33602",Hillsborough County,Official Florida studio,Basic,Basic,Standard advertised dues,79.0,Monthly,79.0,,,79.0,,Inactive,,Observed,Official Orangetheory studio page,https://www.orangetheory.com/en-us/locations/tampa-florida-0181,https://www.orangetheory.com/en-us/locations/tampa-florida-0181,2026-09-01T01:59:02.586924+00:00,Prices are studio-specific and plan-specific; standard price retained even when a first-month promotion is active.
Orangetheory Fitness,0221,"Tallahassee - North, FL","1400 Village Square Blvd Suite 26, Tallahassee, FL, 32309",Leon County,Official Florida studio,Premier,Premier,Standard advertised dues,169.0,Monthly,169.0,,,169.0,119.0,Active,"Jan 01, 2027",Observed,Official Orangetheory studio page,https://www.orangetheory.com/en-us/locations/tallahassee-florida-0221,https://www.orangetheory.com/en-us/locations/tallahassee-florida-0221,2026-09-01T01:59:02.586924+00:00,Prices are studio-specific and plan-specific; standard price retained even when a first-month promotion is active.
Orangetheory Fitness,0221,"Tallahassee - North, FL","1400 Village Square Blvd Suite 26, Tallahassee, FL, 32309",Leon County,Official Florida studio,Elite,Elite,Standard advertised dues,109.0,Monthly,109.0,,,109.0,,Inactive,,Observed,Official Orangetheory studio page,https://www.orangetheory.com/en-us/locations/tallahassee-florida-0221,https://www.orangetheory.com/en-us/locations/tallahassee-florida-0221,2026-09-01T01:59:02.586924+00:00,Prices are studio-specific and plan-specific; standard price retained even when a first-month promotion is active.
Orangetheory Fitness,0221,"Tallahassee - North, FL","1400 Village Square Blvd Suite 26, Tallahassee, FL, 32309",Leon County,Official Florida studio,Basic,Basic,Standard advertised dues,69.0,Monthly,69.0,,,69.0,,Inactive,,Observed,Official Orangetheory studio page,https://www.orangetheory.com/en-us/locations/tallahassee-florida-0221,https://www.orangetheory.com/en-us/locations/tallahassee-florida-0221,2026-09-01T01:59:02.586924+00:00,Prices are studio-specific and plan-specific; standard price retained even when a first-month promotion is active.
Orangetheory Fitness,0220,"Tallahassee, FL","1321 Thomasville Rd # 1, Tallahassee, FL, 32303",Leon County,Official Florida studio,Premier,Premier,Standard advertised dues,169.0,Monthly,169.0,,,169.0,119.0,Active,"Jan 01, 2027",Observed,Official Orangetheory studio page,https://www.orangetheory.com/en-us/locations/tallahassee-florida-0220,https://www.orangetheory.com/en-us/locations/tallahassee-florida-0220,2026-09-01T01:59:02.586924+00:00,Prices are studio-specific and plan-specific; standard price retained even when a first-month promotion is active.
Orangetheory Fitness,0220,"Tallahassee, FL","1321 Thomasville Rd # 1, Tallahassee, FL, 32303",Leon County,Official Florida studio,Elite,Elite,Standard advertised dues,109.0,Monthly,109.0,,,109.0,,Inactive,,Observed,Official Orangetheory studio page,https://www.orangetheory.com/en-us/locations/tallahassee-florida-0220,https://www.orangetheory.com/en-us/locations/tallahassee-florida-0220,2026-09-01T01:59:02.586924+00:00,Prices are studio-specific and plan-specific; standard price retained even when a first-month promotion is active.
Orangetheory Fitness,0220,"Tallahassee, FL","1321 Thomasville Rd # 1, Tallahassee, FL, 32303",Leon County,Official Florida studio,Basic,Basic,Standard advertised dues,69.0,Monthly,69.0,,,69.0,,Inactive,,Observed,Official Orangetheory studio page,https://www.orangetheory.com/en-us/locations/tallahassee-florida-0220,https://www.orangetheory.com/en-us/locations/tallahassee-florida-0220,2026-09-01T01:59:02.586924+00:00,Prices are studio-specific and plan-specific; standard price retained even when a first-month promotion is active.
Orangetheory Fitness,206,"Stuart, FL","2303 SE Federal Hwy, Stuart, FL, 34994",Martin County,Official Florida studio,Premier,Premier,Standard advertised dues,169.0,Monthly,169.0,,,169.0,119.0,Active,"Jan 01, 2027",Observed,Official Orangetheory studio page,https://www.orangetheory.com/en-us/locations/stuart-florida-0206,https://www.orangetheory.com/en-us/locations/stuart-florida-0206,2026-09-01T01:59:02.586924+00:00,Prices are studio-specific and plan-specific; standard price retained even when a first-month promotion is active.
Orangetheory Fitness,206,"Stuart, FL","2303 SE Federal Hwy, Stuart, FL, 34994",Martin County,Official Florida studio,Elite,Elite,Standard advertised dues,109.0,Monthly,109.0,,,109.0,,Inactive,,Observed,Official Orangetheory studio page,https://www.orangetheory.com/en-us/locations/stuart-florida-0206,https://www.orangetheory.com/en-us/locations/stuart-florida-0206,2026-09-01T01:59:02.586924+00:00,Prices are studio-specific and plan-specific; standard price retained even when a first-month promotion is active.
Orangetheory Fitness,206,"Stuart, FL","2303 SE Federal Hwy, Stuart, FL, 34994",Martin County,Official Florida studio,Basic,Basic,Standard advertised dues,69.0,Monthly,69.0,,,69.0,,Inactive,,Observed,Official Orangetheory studio page,https://www.orangetheory.com/en-us/locations/stuart-florida-0206,https://www.orangetheory.com/en-us/locations/stuart-florida-0206,2026-09-01T01:59:02.586924+00:00,Prices are studio-specific and plan-specific; standard price retained even when a first-month promotion is active.
Orangetheory Fitness,0013,"St. Petersburg, FL","5032 4th St N, St. Petersburg, FL, 33703",Pinellas County,Official Florida studio,Premier,Premier,Standard advertised dues,179.0,Monthly,179.0,,,179.0,129.0,Active,"Jan 01, 2027",Observed,Official Orangetheory studio page,https://www.orangetheory.com/en-us/locations/st-petersburg-florida-0013,https://www.orangetheory.com/en-us/locations/st-petersburg-florida-0013,2026-09-01T01:59:02.586924+00:00,Prices are studio-specific and plan-specific; standard price retained even when a first-month promotion is active.
Orangetheory Fitness,0013,"St. Petersburg, FL","5032 4th St N, St. Petersburg, FL, 33703",Pinellas County,Official Florida studio,Elite,Elite,Standard advertised dues,119.0,Monthly,119.0,,,119.0,,Inactive,,Observed,Official Orangetheory studio page,https://www.orangetheory.com/en-us/locations/st-petersburg-florida-0013,https://www.orangetheory.com/en-us/locations/st-petersburg-florida-0013,2026-09-01T01:59:02.586924+00:00,Prices are studio-specific and plan-specific; standard price retained even when a first-month promotion is active.
Orangetheory Fitness,0013,"St. Petersburg, FL","5032 4th St N, St. Petersburg, FL, 33703",Pinellas County,Official Florida studio,Basic,Basic,Standard advertised dues,79.0,Monthly,79.0,,,79.0,,Inactive,,Observed,Official Orangetheory studio page,https://www.orangetheory.com/en-us/locations/st-petersburg-florida-0013,https://www.orangetheory.com/en-us/locations/st-petersburg-florida-0013,2026-09-01T01:59:02.586924+00:00,Prices are studio-specific and plan-specific; standard price retained even when a first-month promotion is active.
Orangetheory Fitness,890,"St. Petersburg - Downtown, FL","640 1st Ave S, St. Petersburg - Downtown, FL, 33701",Pinellas County,Official Florida studio,Premier,Premier,Standard advertised dues,179.0,Monthly,179.0,,,179.0,129.0,Active,"Jan 01, 2027",Observed,Official Orangetheory studio page,https://www.orangetheory.com/en-us/locations/st-petersburg-downtown-florida-0890,https://www.orangetheory.com/en-us/locations/st-petersburg-downtown-florida-0890,2026-09-01T01:59:02.586924+00:00,Prices are studio-specific and plan-specific; standard price retained even when a first-month promotion is active.
Orangetheory Fitness,890,"St. Petersburg - Downtown, FL","640 1st Ave S, St. Petersburg - Downtown, FL, 33701",Pinellas County,Official Florida studio,Basic,Basic,Standard advertised dues,79.0,Monthly,79.0,,,79.0,,Inactive,,Observed,Official Orangetheory studio page,https://www.orangetheory.com/en-us/locations/st-petersburg-downtown-florida-0890,https://www.orangetheory.com/en-us/locations/st-petersburg-downtown-florida-0890,2026-09-01T01:59:02.586924+00:00,Prices are studio-specific and plan-specific; standard price retained even when a first-month promotion is active.
Orangetheory Fitness,890,"St. Petersburg - Downtown, FL","640 1st Ave S, St. Petersburg - Downtown, FL, 33701",Pinellas County,Official Florida studio,Elite,Elite,Standard advertised dues,119.0,Monthly,119.0,,,119.0,,Inactive,,Observed,Official Orangetheory studio page,https://www.orangetheory.com/en-us/locations/st-petersburg-downtown-florida-0890,https://www.orangetheory.com/en-us/locations/st-petersburg-downtown-florida-0890,2026-09-01T01:59:02.586924+00:00,Prices are studio-specific and plan-specific; standard price retained even when a first-month promotion is active.
Orangetheory Fitness,0841,"St. Augustine, FL","833 S Ponce De Leon Blvd #1, St. Augustine, FL, 32084",St. Johns County,Official Florida studio,Premier,Premier,Standard advertised dues,169.0,Monthly,169.0,,,169.0,119.0,Active,"Jan 01, 2027",Observed,Official Orangetheory studio page,https://www.orangetheory.com/en-us/locations/st-augustine-florida-0841,https://www.orangetheory.com/en-us/locations/st-augustine-florida-0841,2026-09-01T01:59:02.586924+00:00,Prices are studio-specific and plan-specific; standard price retained even when a first-month promotion is active.
Orangetheory Fitness,0841,"St. Augustine, FL","833 S Ponce De Leon Blvd #1, St. Augustine, FL, 32084",St. Johns County,Official Florida studio,Elite,Elite,Standard advertised dues,109.0,Monthly,109.0,,,109.0,,Inactive,,Observed,Official Orangetheory studio page,https://www.orangetheory.com/en-us/locations/st-augustine-florida-0841,https://www.orangetheory.com/en-us/locations/st-augustine-florida-0841,2026-09-01T01:59:02.586924+00:00,Prices are studio-specific and plan-specific; standard price retained even when a first-month promotion is active.
Orangetheory Fitness,0841,"St. Augustine, FL","833 S Ponce De Leon Blvd #1, St. Augustine, FL, 32084",St. Johns County,Official Florida studio,Basic,Basic,Standard advertised dues,69.0,Monthly,69.0,,,69.0,,Inactive,,Observed,Official Orangetheory studio page,https://www.orangetheory.com/en-us/locations/st-augustine-florida-0841,https://www.orangetheory.com/en-us/locations/st-augustine-florida-0841,2026-09-01T01:59:02.586924+00:00,Prices are studio-specific and plan-specific; standard price retained even when a first-month promotion is active.
Orangetheory Fitness,0018,"South Tampa, FL","115 S Dale Mabry Hwy, Tampa, FL, 33609",Hillsborough County,Official Florida studio,Premier,Premier,Standard advertised dues,179.0,Monthly,179.0,,,179.0,129.0,Active,"Jan 01, 2027",Observed,Official Orangetheory studio page,https://www.orangetheory.com/en-us/locations/tampa-florida-0018,https://www.orangetheory.com/en-us/locations/tampa-florida-0018,2026-09-01T01:59:02.586924+00:00,Prices are studio-specific and plan-specific; standard price retained even when a first-month promotion is active.
Orangetheory Fitness,0018,"South Tampa, FL","115 S Dale Mabry Hwy, Tampa, FL, 33609",Hillsborough County,Official Florida studio,Elite,Elite,Standard advertised dues,119.0,Monthly,119.0,,,119.0,,Inactive,,Observed,Official Orangetheory studio page,https://www.orangetheory.com/en-us/locations/tampa-florida-0018,https://www.orangetheory.com/en-us/locations/tampa-florida-0018,2026-09-01T01:59:02.586924+00:00,Prices are studio-specific and plan-specific; standard price retained even when a first-month promotion is active.
Orangetheory Fitness,0018,"South Tampa, FL","115 S Dale Mabry Hwy, Tampa, FL, 33609",Hillsborough County,Official Florida studio,Basic,Basic,Standard advertised dues,79.0,Monthly,79.0,,,79.0,,Inactive,,Observed,Official Orangetheory studio page,https://www.orangetheory.com/en-us/locations/tampa-florida-0018,https://www.orangetheory.com/en-us/locations/tampa-florida-0018,2026-09-01T01:59:02.586924+00:00,Prices are studio-specific and plan-specific; standard price retained even when a first-month promotion is active.
Orangetheory Fitness,185,"Sarasota, FL","6509 S Tamiami Trl, Sarasota, FL, 34231",Sarasota County,Official Florida studio,Premier,Premier,Standard advertised dues,179.0,Monthly,179.0,,,179.0,129.0,Active,"Jan 01, 2027",Observed,Official Orangetheory studio page,https://www.orangetheory.com/en-us/locations/sarasota-florida-0185,https://www.orangetheory.com/en-us/locations/sarasota-florida-0185,2026-09-01T01:59:02.586924+00:00,Prices are studio-specific and plan-specific; standard price retained even when a first-month promotion is active.
Orangetheory Fitness,185,"Sarasota, FL","6509 S Tamiami Trl, Sarasota, FL, 34231",Sarasota County,Official Florida studio,Elite,Elite,Standard advertised dues,119.0,Monthly,119.0,,,119.0,,Inactive,,Observed,Official Orangetheory studio page,https://www.orangetheory.com/en-us/locations/sarasota-florida-0185,https://www.orangetheory.com/en-us/locations/sarasota-florida-0185,2026-09-01T01:59:02.586924+00:00,Prices are studio-specific and plan-specific; standard price retained even when a first-month promotion is active.
Orangetheory Fitness,185,"Sarasota, FL","6509 S Tamiami Trl, Sarasota, FL, 34231",Sarasota County,Official Florida studio,Basic,Basic,Standard advertised dues,79.0,Monthly,79.0,,,79.0,,Inactive,,Observed,Official Orangetheory studio page,https://www.orangetheory.com/en-us/locations/sarasota-florida-0185,https://www.orangetheory.com/en-us/locations/sarasota-florida-0185,2026-09-01T01:59:02.586924+00:00,Prices are studio-specific and plan-specific; standard price retained even when a first-month promotion is active.
Orangetheory Fitness,254,"Sarasota Downtown, FL","1605 Main St, Sarasota, FL, 34236",Sarasota County,Official Florida studio,Premier,Premier,Standard advertised dues,179.0,Monthly,179.0,,,179.0,129.0,Active,"Jan 01, 2027",Observed,Official Orangetheory studio page,https://www.orangetheory.com/en-us/locations/sarasota-florida-0254,https://www.orangetheory.com/en-us/locations/sarasota-florida-0254,2026-09-01T01:59:02.586924+00:00,Prices are studio-specific and plan-specific; standard price retained even when a first-month promotion is active.
Orangetheory Fitness,254,"Sarasota Downtown, FL","1605 Main St, Sarasota, FL, 34236",Sarasota County,Official Florida studio,Elite,Elite,Standard advertised dues,119.0,Monthly,119.0,,,119.0,,Inactive,,Observed,Official Orangetheory studio page,https://www.orangetheory.com/en-us/locations/sarasota-florida-0254,https://www.orangetheory.com/en-us/locations/sarasota-florida-0254,2026-09-01T01:59:02.586924+00:00,Prices are studio-specific and plan-specific; standard price retained even when a first-month promotion is active.
Orangetheory Fitness,254,"Sarasota Downtown, FL","1605 Main St, Sarasota, FL, 34236",Sarasota County,Official Florida studio,Basic,Basic,Standard advertised dues,79.0,Monthly,79.0,,,79.0,,Inactive,,Observed,Official Orangetheory studio page,https://www.orangetheory.com/en-us/locations/sarasota-florida-0254,https://www.orangetheory.com/en-us/locations/sarasota-florida-0254,2026-09-01T01:59:02.586924+00:00,Prices are studio-specific and plan-specific; standard price retained even when a first-month promotion is active.
Orangetheory Fitness,1045,"Sanford - West, FL","4932 W State Rd 46 #1112, Sanford, FL, 32771",Seminole County,Official Florida studio,Premier,Premier,Standard advertised dues,159.0,Monthly,159.0,,,159.0,109.0,Active,"Jan 01, 2027",Observed,Official Orangetheory studio page,https://www.orangetheory.com/en-us/locations/sanford-florida-1045,https://www.orangetheory.com/en-us/locations/sanford-florida-1045,2026-09-01T01:59:02.586924+00:00,Prices are studio-specific and plan-specific; standard price retained even when a first-month promotion is active.
Orangetheory Fitness,1045,"Sanford - West, FL","4932 W State Rd 46 #1112, Sanford, FL, 32771",Seminole County,Official Florida studio,Elite,Elite,Standard advertised dues,99.0,Monthly,99.0,,,99.0,,Inactive,,Observed,Official Orangetheory studio page,https://www.orangetheory.com/en-us/locations/sanford-florida-1045,https://www.orangetheory.com/en-us/locations/sanford-florida-1045,2026-09-01T01:59:02.586924+00:00,Prices are studio-specific and plan-specific; standard price retained even when a first-month promotion is active.
Orangetheory Fitness,1045,"Sanford - West, FL","4932 W State Rd 46 #1112, Sanford, FL, 32771",Seminole County,Official Florida studio,Basic,Basic,Standard advertised dues,59.0,Monthly,59.0,,,59.0,,Inactive,,Observed,Official Orangetheory studio page,https://www.orangetheory.com/en-us/locations/sanford-florida-1045,https://www.orangetheory.com/en-us/locations/sanford-florida-1045,2026-09-01T01:59:02.586924+00:00,Prices are studio-specific and plan-specific; standard price retained even when a first-month promotion is active.
Orangetheory Fitness,1538,"San Marco, FL","2039 Hendricks Ave Unit 215, Jacksonville, FL, 32207",Duval County,Official Florida studio,Premier,Premier,Standard advertised dues,169.0,Monthly,169.0,,,169.0,119.0,Active,"Jan 01, 2027",Observed,Official Orangetheory studio page,https://www.orangetheory.com/en-us/locations/jacksonville-florida-1538,https://www.orangetheory.com/en-us/locations/jacksonville-florida-1538,2026-09-01T01:59:02.586924+00:00,Prices are studio-specific and plan-specific; standard price retained even when a first-month promotion is active.
Orangetheory Fitness,1538,"San Marco, FL","2039 Hendricks Ave Unit 215, Jacksonville, FL, 32207",Duval County,Official Florida studio,Elite,Elite,Standard advertised dues,109.0,Monthly,109.0,,,109.0,,Inactive,,Observed,Official Orangetheory studio page,https://www.orangetheory.com/en-us/locations/jacksonville-florida-1538,https://www.orangetheory.com/en-us/locations/jacksonville-florida-1538,2026-09-01T01:59:02.586924+00:00,Prices are studio-specific and plan-specific; standard price retained even when a first-month promotion is active.
Orangetheory Fitness,1538,"San Marco, FL","2039 Hendricks Ave Unit 215, Jacksonville, FL, 32207",Duval County,Official Florida studio,Basic,Basic,Standard advertised dues,69.0,Monthly,69.0,,,69.0,,Inactive,,Observed,Official Orangetheory studio page,https://www.orangetheory.com/en-us/locations/jacksonville-florida-1538,https://www.orangetheory.com/en-us/locations/jacksonville-florida-1538,2026-09-01T01:59:02.586924+00:00,Prices are studio-specific and plan-specific; standard price retained even when a first-month promotion is active.
Orangetheory Fitness,0958,"Riverview, FL","10173 Big Bend Rd #5, Riverview, FL, 33578",Hillsborough County,Official Florida studio,Premier,Premier,Standard advertised dues,179.0,Monthly,179.0,,,179.0,129.0,Active,"Jan 01, 2027",Observed,Official Orangetheory studio page,https://www.orangetheory.com/en-us/locations/riverview-florida-0958,https://www.orangetheory.com/en-us/locations/riverview-florida-0958,2026-09-01T01:59:02.586924+00:00,Prices are studio-specific and plan-specific; standard price retained even when a first-month promotion is active.
Orangetheory Fitness,0958,"Riverview, FL","10173 Big Bend Rd #5, Riverview, FL, 33578",Hillsborough County,Official Florida studio,Elite,Elite,Standard advertised dues,119.0,Monthly,119.0,,,119.0,,Inactive,,Observed,Official Orangetheory studio page,https://www.orangetheory.com/en-us/locations/riverview-florida-0958,https://www.orangetheory.com/en-us/locations/riverview-florida-0958,2026-09-01T01:59:02.586924+00:00,Prices are studio-specific and plan-specific; standard price retained even when a first-month promotion is active.
Orangetheory Fitness,0958,"Riverview, FL","10173 Big Bend Rd #5, Riverview, FL, 33578",Hillsborough County,Official Florida studio,Basic,Basic,Standard advertised dues,79.0,Monthly,79.0,,,79.0,,Inactive,,Observed,Official Orangetheory studio page,https://www.orangetheory.com/en-us/locations/riverview-florida-0958,https://www.orangetheory.com/en-us/locations/riverview-florida-0958,2026-09-01T01:59:02.586924+00:00,Prices are studio-specific and plan-specific; standard price retained even when a first-month promotion is active.
Orangetheory Fitness,MBO5714,Prod 1,"6000 Broken Sound Pkwy NW, Boca Raton, FL, 33487",Palm Beach County,Official Florida studio,,,,,,,,,,,,,Request failed,Official Orangetheory studio page,https://www.orangetheory.com/en-us/locations/boca-raton-florida-mbo5714,https://www.orangetheory.com/en-us/locations/boca-raton-florida-mbo5714,2026-09-01T01:59:02.586924+00:00,RuntimeError: No membership products were embedded in the official page.
Orangetheory Fitness,0006,"Pompano Beach, FL","1700 NE 23rd St, Pompano Beach, FL, 33062",Broward County,Official Florida studio,Premier,Premier,Standard advertised dues,179.0,Monthly,179.0,,,179.0,129.0,Active,"Jan 01, 2027",Observed,Official Orangetheory studio page,https://www.orangetheory.com/en-us/locations/pompano-beach-florida-0006,https://www.orangetheory.com/en-us/locations/pompano-beach-florida-0006,2026-09-01T01:59:02.586924+00:00,Prices are studio-specific and plan-specific; standard price retained even when a first-month promotion is active.
Orangetheory Fitness,0006,"Pompano Beach, FL","1700 NE 23rd St, Pompano Beach, FL, 33062",Broward County,Official Florida studio,Elite,Elite,Standard advertised dues,119.0,Monthly,119.0,,,119.0,,Inactive,,Observed,Official Orangetheory studio page,https://www.orangetheory.com/en-us/locations/pompano-beach-florida-0006,https://www.orangetheory.com/en-us/locations/pompano-beach-florida-0006,2026-09-01T01:59:02.586924+00:00,Prices are studio-specific and plan-specific; standard price retained even when a first-month promotion is active.
Orangetheory Fitness,0006,"Pompano Beach, FL","1700 NE 23rd St, Pompano Beach, FL, 33062",Broward County,Official Florida studio,Basic,Basic,Standard advertised dues,79.0,Monthly,79.0,,,79.0,,Inactive,,Observed,Official Orangetheory studio page,https://www.orangetheory.com/en-us/locations/pompano-beach-florida-0006,https://www.orangetheory.com/en-us/locations/pompano-beach-florida-0006,2026-09-01T01:59:02.586924+00:00,Prices are studio-specific and plan-specific; standard price retained even when a first-month promotion is active.
Orangetheory Fitness,605,"Port Orange, FL","5521 S Williamson Blvd, Port Orange, FL, 32128",Volusia County,Official Florida studio,Premier,Premier,Standard advertised dues,179.0,Monthly,179.0,,,179.0,129.0,Active,"Jan 01, 2027",Observed,Official Orangetheory studio page,https://www.orangetheory.com/en-us/locations/port-orange-florida-0605,https://www.orangetheory.com/en-us/locations/port-orange-florida-0605,2026-09-01T01:59:02.586924+00:00,Prices are studio-specific and plan-specific; standard price retained even when a first-month promotion is active.
Orangetheory Fitness,605,"Port Orange, FL","5521 S Williamson Blvd, Port Orange, FL, 32128",Volusia County,Official Florida studio,Elite,Elite,Standard advertised dues,119.0,Monthly,119.0,,,119.0,,Inactive,,Observed,Official Orangetheory studio page,https://www.orangetheory.com/en-us/locations/port-orange-florida-0605,https://www.orangetheory.com/en-us/locations/port-orange-florida-0605,2026-09-01T01:59:02.586924+00:00,Prices are studio-specific and plan-specific; standard price retained even when a first-month promotion is active.
Orangetheory Fitness,605,"Port Orange, FL","5521 S Williamson Blvd, Port Orange, FL, 32128",Volusia County,Official Florida studio,Basic,Basic,Standard advertised dues,79.0,Monthly,79.0,,,79.0,,Inactive,,Observed,Official Orangetheory studio page,https://www.orangetheory.com/en-us/locations/port-orange-florida-0605,https://www.orangetheory.com/en-us/locations/port-orange-florida-0605,2026-09-01T01:59:02.586924+00:00,Prices are studio-specific and plan-specific; standard price retained even when a first-month promotion is active.
Orangetheory Fitness,449,"Port ST. Lucie, FL","884 SW St Lucie W Blvd, Port St. Lucie, FL, 34986",St. Lucie County,Official Florida studio,Premier,Premier,Standard advertised dues,159.0,Monthly,159.0,,,159.0,109.0,Active,"Jan 01, 2027",Observed,Official Orangetheory studio page,https://www.orangetheory.com/en-us/locations/port-st-lucie-florida-0449,https://www.orangetheory.com/en-us/locations/port-st-lucie-florida-0449,2026-09-01T01:59:02.586924+00:00,Prices are studio-specific and plan-specific; standard price retained even when a first-month promotion is active.
Orangetheory Fitness,449,"Port ST. Lucie, FL","884 SW St Lucie W Blvd, Port St. Lucie, FL, 34986",St. Lucie County,Official Florida studio,Elite,Elite,Standard advertised dues,99.0,Monthly,99.0,,,99.0,,Inactive,,Observed,Official Orangetheory studio page,https://www.orangetheory.com/en-us/locations/port-st-lucie-florida-0449,https://www.orangetheory.com/en-us/locations/port-st-lucie-florida-0449,2026-09-01T01:59:02.586924+00:00,Prices are studio-specific and plan-specific; standard price retained even when a first-month promotion is active.
Orangetheory Fitness,449,"Port ST. Lucie, FL","884 SW St Lucie W Blvd, Port St. Lucie, FL, 34986",St. Lucie County,Official Florida studio,Basic,Basic,Standard advertised dues,59.0,Monthly,59.0,,,59.0,,Inactive,,Observed,Official Orangetheory studio page,https://www.orangetheory.com/en-us/locations/port-st-lucie-florida-0449,https://www.orangetheory.com/en-us/locations/port-st-lucie-florida-0449,2026-09-01T01:59:02.586924+00:00,Prices are studio-specific and plan-specific; standard price retained even when a first-month promotion is active.
Orangetheory Fitness,0838,"Ponte Vedra Beach - Nocatee, FL","152 Capital Green Dr #34, Ponte Vedra, FL, 32081",St. Johns County,Official Florida studio,Premier,Premier,Standard advertised dues,169.0,Monthly,169.0,,,169.0,119.0,Active,"Jan 01, 2027",Observed,Official Orangetheory studio page,https://www.orangetheory.com/en-us/locations/ponte-vedra-florida-0838,https://www.orangetheory.com/en-us/locations/ponte-vedra-florida-0838,2026-09-01T01:59:02.586924+00:00,Prices are studio-specific and plan-specific; standard price retained even when a first-month promotion is active.
Orangetheory Fitness,0838,"Ponte Vedra Beach - Nocatee, FL","152 Capital Green Dr #34, Ponte Vedra, FL, 32081",St. Johns County,Official Florida studio,Elite,Elite,Standard advertised dues,109.0,Monthly,109.0,,,109.0,,Inactive,,Observed,Official Orangetheory studio page,https://www.orangetheory.com/en-us/locations/ponte-vedra-florida-0838,https://www.orangetheory.com/en-us/locations/ponte-vedra-florida-0838,2026-09-01T01:59:02.586924+00:00,Prices are studio-specific and plan-specific; standard price retained even when a first-month promotion is active.
Orangetheory Fitness,0838,"Ponte Vedra Beach - Nocatee, FL","152 Capital Green Dr #34, Ponte Vedra, FL, 32081",St. Johns County,Official Florida studio,Basic,Basic,Standard advertised dues,69.0,Monthly,69.0,,,69.0,,Inactive,,Observed,Official Orangetheory studio page,https://www.orangetheory.com/en-us/locations/ponte-vedra-florida-0838,https://www.orangetheory.com/en-us/locations/ponte-vedra-florida-0838,2026-09-01T01:59:02.586924+00:00,Prices are studio-specific and plan-specific; standard price retained even when a first-month promotion is active.
Orangetheory Fitness,0027,"Plantation, FL","10073 Cleary Blvd, Plantation, FL, 33324",Broward County,Official Florida studio,Premier,Premier,Standard advertised dues,179.0,Monthly,179.0,,,179.0,129.0,Active,"Jan 01, 2027",Observed,Official Orangetheory studio page,https://www.orangetheory.com/en-us/locations/plantation-florida-0027,https://www.orangetheory.com/en-us/locations/plantation-florida-0027,2026-09-01T01:59:02.586924+00:00,Prices are studio-specific and plan-specific; standard price retained even when a first-month promotion is active.
Orangetheory Fitness,0027,"Plantation, FL","10073 Cleary Blvd, Plantation, FL, 33324",Broward County,Official Florida studio,Elite,Elite,Standard advertised dues,119.0,Monthly,119.0,,,119.0,,Inactive,,Observed,Official Orangetheory studio page,https://www.orangetheory.com/en-us/locations/plantation-florida-0027,https://www.orangetheory.com/en-us/locations/plantation-florida-0027,2026-09-01T01:59:02.586924+00:00,Prices are studio-specific and plan-specific; standard price retained even when a first-month promotion is active.
Orangetheory Fitness,0027,"Plantation, FL","10073 Cleary Blvd, Plantation, FL, 33324",Broward County,Official Florida studio,Basic,Basic,Standard advertised dues,79.0,Monthly,79.0,,,79.0,,Inactive,,Observed,Official Orangetheory studio page,https://www.orangetheory.com/en-us/locations/plantation-florida-0027,https://www.orangetheory.com/en-us/locations/plantation-florida-0027,2026-09-01T01:59:02.586924+00:00,Prices are studio-specific and plan-specific; standard price retained even when a first-month promotion is active.
Orangetheory Fitness,0022,"Pinecrest, FL","8511 SW 136th St, Miami, FL, 33156",Miami-Dade County,Official Florida studio,Premier,Premier,Standard advertised dues,179.0,Monthly,179.0,,,179.0,129.0,Active,"Jan 01, 2027",Observed,Official Orangetheory studio page,https://www.orangetheory.com/en-us/locations/miami-florida-0022,https://www.orangetheory.com/en-us/locations/miami-florida-0022,2026-09-01T01:59:02.586924+00:00,Prices are studio-specific and plan-specific; standard price retained even when a first-month promotion is active.
Orangetheory Fitness,0022,"Pinecrest, FL","8511 SW 136th St, Miami, FL, 33156",Miami-Dade County,Official Florida studio,Elite,Elite,Standard advertised dues,119.0,Monthly,119.0,,,119.0,,Inactive,,Observed,Official Orangetheory studio page,https://www.orangetheory.com/en-us/locations/miami-florida-0022,https://www.orangetheory.com/en-us/locations/miami-florida-0022,2026-09-01T01:59:02.586924+00:00,Prices are studio-specific and plan-specific; standard price retained even when a first-month promotion is active.
Orangetheory Fitness,0022,"Pinecrest, FL","8511 SW 136th St, Miami, FL, 33156",Miami-Dade County,Official Florida studio,Basic,Basic,Standard advertised dues,79.0,Monthly,79.0,,,79.0,,Inactive,,Observed,Official Orangetheory studio page,https://www.orangetheory.com/en-us/locations/miami-florida-0022,https://www.orangetheory.com/en-us/locations/miami-florida-0022,2026-09-01T01:59:02.586924+00:00,Prices are studio-specific and plan-specific; standard price retained even when a first-month promotion is active.
Orangetheory Fitness,0664,"Pensacola, FL","5555 N Davis Hwy, Pensacola, FL, 32503",Escambia County,Official Florida studio,Premier,Premier,Standard advertised dues,169.0,Monthly,169.0,,,169.0,119.0,Active,"Jan 01, 2027",Observed,Official Orangetheory studio page,https://www.orangetheory.com/en-us/locations/pensacola-florida-0664,https://www.orangetheory.com/en-us/locations/pensacola-florida-0664,2026-09-01T01:59:02.586924+00:00,Prices are studio-specific and plan-specific; standard price retained even when a first-month promotion is active.
Orangetheory Fitness,0664,"Pensacola, FL","5555 N Davis Hwy, Pensacola, FL, 32503",Escambia County,Official Florida studio,Elite,Elite,Standard advertised dues,109.0,Monthly,109.0,,,109.0,,Inactive,,Observed,Official Orangetheory studio page,https://www.orangetheory.com/en-us/locations/pensacola-florida-0664,https://www.orangetheory.com/en-us/locations/pensacola-florida-0664,2026-09-01T01:59:02.586924+00:00,Prices are studio-specific and plan-specific; standard price retained even when a first-month promotion is active.
Orangetheory Fitness,0664,"Pensacola, FL","5555 N Davis Hwy, Pensacola, FL, 32503",Escambia County,Official Florida studio,Basic,Basic,Standard advertised dues,69.0,Monthly,69.0,,,69.0,,Inactive,,Observed,Official Orangetheory studio page,https://www.orangetheory.com/en-us/locations/pensacola-florida-0664,https://www.orangetheory.com/en-us/locations/pensacola-florida-0664,2026-09-01T01:59:02.586924+00:00,Prices are studio-specific and plan-specific; standard price retained even when a first-month promotion is active.
Orangetheory Fitness,848,"Panama City Beach, FL","15500 Panama City Beach Pkwy #780, Panama City Beach, FL, 32413",Bay County,Official Florida studio,Premier,Premier,Standard advertised dues,169.0,Monthly,169.0,,,169.0,119.0,Active,"Jan 01, 2027",Observed,Official Orangetheory studio page,https://www.orangetheory.com/en-us/locations/panama-city-beach-florida-0848,https://www.orangetheory.com/en-us/locations/panama-city-beach-florida-0848,2026-09-01T01:59:02.586924+00:00,Prices are studio-specific and plan-specific; standard price retained even when a first-month promotion is active.
Orangetheory Fitness,848,"Panama City Beach, FL","15500 Panama City Beach Pkwy #780, Panama City Beach, FL, 32413",Bay County,Official Florida studio,Elite,Elite,Standard advertised dues,109.0,Monthly,109.0,,,109.0,,Inactive,,Observed,Official Orangetheory studio page,https://www.orangetheory.com/en-us/locations/panama-city-beach-florida-0848,https://www.orangetheory.com/en-us/locations/panama-city-beach-florida-0848,2026-09-01T01:59:02.586924+00:00,Prices are studio-specific and plan-specific; standard price retained even when a first-month promotion is active.
Orangetheory Fitness,848,"Panama City Beach, FL","15500 Panama City Beach Pkwy #780, Panama City Beach, FL, 32413",Bay County,Official Florida studio,Basic,Basic,Standard advertised dues,69.0,Monthly,69.0,,,69.0,,Inactive,,Observed,Official Orangetheory studio page,https://www.orangetheory.com/en-us/locations/panama-city-beach-florida-0848,https://www.orangetheory.com/en-us/locations/panama-city-beach-florida-0848,2026-09-01T01:59:02.586924+00:00,Prices are studio-specific and plan-specific; standard price retained even when a first-month promotion is active.
Orangetheory Fitness,0004,"Pembroke Pines, FL","14918 Pines Blvd, Pembroke Pines, FL, 33027",Broward County,Official Florida studio,Premier,Premier,Standard advertised dues,179.0,Monthly,179.0,,,179.0,129.0,Active,"Jan 01, 2027",Observed,Official Orangetheory studio page,https://www.orangetheory.com/en-us/locations/pembroke-pines-florida-0004,https://www.orangetheory.com/en-us/locations/pembroke-pines-florida-0004,2026-09-01T01:59:02.586924+00:00,Prices are studio-specific and plan-specific; standard price retained even when a first-month promotion is active.
Orangetheory Fitness,0004,"Pembroke Pines, FL","14918 Pines Blvd, Pembroke Pines, FL, 33027",Broward County,Official Florida studio,Elite,Elite,Standard advertised dues,119.0,Monthly,119.0,,,119.0,,Inactive,,Observed,Official Orangetheory studio page,https://www.orangetheory.com/en-us/locations/pembroke-pines-florida-0004,https://www.orangetheory.com/en-us/locations/pembroke-pines-florida-0004,2026-09-01T01:59:02.586924+00:00,Prices are studio-specific and plan-specific; standard price retained even when a first-month promotion is active.
Orangetheory Fitness,0004,"Pembroke Pines, FL","14918 Pines Blvd, Pembroke Pines, FL, 33027",Broward County,Official Florida studio,Basic,Basic,Standard advertised dues,79.0,Monthly,79.0,,,79.0,,Inactive,,Observed,Official Orangetheory studio page,https://www.orangetheory.com/en-us/locations/pembroke-pines-florida-0004,https://www.orangetheory.com/en-us/locations/pembroke-pines-florida-0004,2026-09-01T01:59:02.586924+00:00,Prices are studio-specific and plan-specific; standard price retained even when a first-month promotion is active.
Orangetheory Fitness,28,"Parkland - Coral Springs, FL","6230 Coral Ridge Dr, Coral Springs, FL, 33076",Broward County,Official Florida studio,Premier,Premier,Standard advertised dues,179.0,Monthly,179.0,,,179.0,129.0,Active,"Jan 01, 2027",Observed,Official Orangetheory studio page,https://www.orangetheory.com/en-us/locations/coral-springs-florida-0028,https://www.orangetheory.com/en-us/locations/coral-springs-florida-0028,2026-09-01T01:59:02.586924+00:00,Prices are studio-specific and plan-specific; standard price retained even when a first-month promotion is active.
Orangetheory Fitness,28,"Parkland - Coral Springs, FL","6230 Coral Ridge Dr, Coral Springs, FL, 33076",Broward County,Official Florida studio,Elite,Elite,Standard advertised dues,119.0,Monthly,119.0,,,119.0,,Inactive,,Observed,Official Orangetheory studio page,https://www.orangetheory.com/en-us/locations/coral-springs-florida-0028,https://www.orangetheory.com/en-us/locations/coral-springs-florida-0028,2026-09-01T01:59:02.586924+00:00,Prices are studio-specific and plan-specific; standard price retained even when a first-month promotion is active.
Orangetheory Fitness,28,"Parkland - Coral Springs, FL","6230 Coral Ridge Dr, Coral Springs, FL, 33076",Broward County,Official Florida studio,Basic,Basic,Standard advertised dues,79.0,Monthly,79.0,,,79.0,,Inactive,,Observed,Official Orangetheory studio page,https://www.orangetheory.com/en-us/locations/coral-springs-florida-0028,https://www.orangetheory.com/en-us/locations/coral-springs-florida-0028,2026-09-01T01:59:02.586924+00:00,Prices are studio-specific and plan-specific; standard price retained even when a first-month promotion is active.
Orangetheory Fitness,0121,"Palm Harbor, FL","33645 US Hwy 19 N, Palm Harbor, FL, 34660",Pinellas County,Official Florida studio,Premier,Premier,Standard advertised dues,179.0,Monthly,179.0,,,179.0,129.0,Active,"Jan 01, 2027",Observed,Official Orangetheory studio page,https://www.orangetheory.com/en-us/locations/palm-harbor-florida-0121,https://www.orangetheory.com/en-us/locations/palm-harbor-florida-0121,2026-09-01T01:59:02.586924+00:00,Prices are studio-specific and plan-specific; standard price retained even when a first-month promotion is active.
Orangetheory Fitness,0121,"Palm Harbor, FL","33645 US Hwy 19 N, Palm Harbor, FL, 34660",Pinellas County,Official Florida studio,Elite,Elite,Standard advertised dues,119.0,Monthly,119.0,,,119.0,,Inactive,,Observed,Official Orangetheory studio page,https://www.orangetheory.com/en-us/locations/palm-harbor-florida-0121,https://www.orangetheory.com/en-us/locations/palm-harbor-florida-0121,2026-09-01T01:59:02.586924+00:00,Prices are studio-specific and plan-specific; standard price retained even when a first-month promotion is active.
Orangetheory Fitness,0121,"Palm Harbor, FL","33645 US Hwy 19 N, Palm Harbor, FL, 34660",Pinellas County,Official Florida studio,Basic,Basic,Standard advertised dues,79.0,Monthly,79.0,,,79.0,,Inactive,,Observed,Official Orangetheory studio page,https://www.orangetheory.com/en-us/locations/palm-harbor-florida-0121,https://www.orangetheory.com/en-us/locations/palm-harbor-florida-0121,2026-09-01T01:59:02.586924+00:00,Prices are studio-specific and plan-specific; standard price retained even when a first-month promotion is active.
Orangetheory Fitness,0197,Orlando - Sodo,"1731 S Orange Ave, ORLANDO, FL, 32806",Orange County,Official Florida studio,Premier,Premier,Standard advertised dues,159.0,Monthly,159.0,,,159.0,109.0,Active,"Jan 01, 2027",Observed,Official Orangetheory studio page,https://www.orangetheory.com/en-us/locations/orlando-florida-0197,https://www.orangetheory.com/en-us/locations/orlando-florida-0197,2026-09-01T01:59:02.586924+00:00,Prices are studio-specific and plan-specific; standard price retained even when a first-month promotion is active.
Orangetheory Fitness,0197,Orlando - Sodo,"1731 S Orange Ave, ORLANDO, FL, 32806",Orange County,Official Florida studio,Elite,Elite,Standard advertised dues,99.0,Monthly,99.0,,,99.0,,Inactive,,Observed,Official Orangetheory studio page,https://www.orangetheory.com/en-us/locations/orlando-florida-0197,https://www.orangetheory.com/en-us/locations/orlando-florida-0197,2026-09-01T01:59:02.586924+00:00,Prices are studio-specific and plan-specific; standard price retained even when a first-month promotion is active.
Orangetheory Fitness,0197,Orlando - Sodo,"1731 S Orange Ave, ORLANDO, FL, 32806",Orange County,Official Florida studio,Basic,Basic,Standard advertised dues,59.0,Monthly,59.0,,,59.0,,Inactive,,Observed,Official Orangetheory studio page,https://www.orangetheory.com/en-us/locations/orlando-florida-0197,https://www.orangetheory.com/en-us/locations/orlando-florida-0197,2026-09-01T01:59:02.586924+00:00,Prices are studio-specific and plan-specific; standard price retained even when a first-month promotion is active.
Orangetheory Fitness,219,"Palm Beach Gardens East, FL","2612 PGA Blvd, Palm Beach Gardens, FL, 33410",Palm Beach County,Official Florida studio,Premier,Premier,Standard advertised dues,179.0,Monthly,179.0,,,179.0,129.0,Active,"Jan 01, 2027",Observed,Official Orangetheory studio page,https://www.orangetheory.com/en-us/locations/palm-beach-gardens-florida-0219,https://www.orangetheory.com/en-us/locations/palm-beach-gardens-florida-0219,2026-09-01T01:59:02.586924+00:00,Prices are studio-specific and plan-specific; standard price retained even when a first-month promotion is active.
Orangetheory Fitness,219,"Palm Beach Gardens East, FL","2612 PGA Blvd, Palm Beach Gardens, FL, 33410",Palm Beach County,Official Florida studio,Elite,Elite,Standard advertised dues,119.0,Monthly,119.0,,,119.0,,Inactive,,Observed,Official Orangetheory studio page,https://www.orangetheory.com/en-us/locations/palm-beach-gardens-florida-0219,https://www.orangetheory.com/en-us/locations/palm-beach-gardens-florida-0219,2026-09-01T01:59:02.586924+00:00,Prices are studio-specific and plan-specific; standard price retained even when a first-month promotion is active.
Orangetheory Fitness,219,"Palm Beach Gardens East, FL","2612 PGA Blvd, Palm Beach Gardens, FL, 33410",Palm Beach County,Official Florida studio,Basic,Basic,Standard advertised dues,79.0,Monthly,79.0,,,79.0,,Inactive,,Observed,Official Orangetheory studio page,https://www.orangetheory.com/en-us/locations/palm-beach-gardens-florida-0219,https://www.orangetheory.com/en-us/locations/palm-beach-gardens-florida-0219,2026-09-01T01:59:02.586924+00:00,Prices are studio-specific and plan-specific; standard price retained even when a first-month promotion is active.
Orangetheory Fitness,0310,"Oviedo, FL","976 W Mitchell Hammock Rd #120, OVIEDO, FL, 32765",Seminole County,Official Florida studio,Premier,Premier,Standard advertised dues,159.0,Monthly,159.0,,,159.0,109.0,Active,"Jan 01, 2027",Observed,Official Orangetheory studio page,https://www.orangetheory.com/en-us/locations/oviedo-florida-0310,https://www.orangetheory.com/en-us/locations/oviedo-florida-0310,2026-09-01T01:59:02.586924+00:00,Prices are studio-specific and plan-specific; standard price retained even when a first-month promotion is active.
Orangetheory Fitness,0310,"Oviedo, FL","976 W Mitchell Hammock Rd #120, OVIEDO, FL, 32765",Seminole County,Official Florida studio,Elite,Elite,Standard advertised dues,99.0,Monthly,99.0,,,99.0,,Inactive,,Observed,Official Orangetheory studio page,https://www.orangetheory.com/en-us/locations/oviedo-florida-0310,https://www.orangetheory.com/en-us/locations/oviedo-florida-0310,2026-09-01T01:59:02.586924+00:00,Prices are studio-specific and plan-specific; standard price retained even when a first-month promotion is active.
Orangetheory Fitness,0310,"Oviedo, FL","976 W Mitchell Hammock Rd #120, OVIEDO, FL, 32765",Seminole County,Official Florida studio,Basic,Basic,Standard advertised dues,59.0,Monthly,59.0,,,59.0,,Inactive,,Observed,Official Orangetheory studio page,https://www.orangetheory.com/en-us/locations/oviedo-florida-0310,https://www.orangetheory.com/en-us/locations/oviedo-florida-0310,2026-09-01T01:59:02.586924+00:00,Prices are studio-specific and plan-specific; standard price retained even when a first-month promotion is active.
Orangetheory Fitness,0107,"Orlando - Waterford Park, FL","12301 Lake Underhill Rd, Oralndo, FL, 32828",Orange County,Official Florida studio,Premier,Premier,Standard advertised dues,159.0,Monthly,159.0,,,159.0,109.0,Active,"Jan 01, 2027",Observed,Official Orangetheory studio page,https://www.orangetheory.com/en-us/locations/oralndo-florida-0107,https://www.orangetheory.com/en-us/locations/oralndo-florida-0107,2026-09-01T01:59:02.586924+00:00,Prices are studio-specific and plan-specific; standard price retained even when a first-month promotion is active.
Orangetheory Fitness,0107,"Orlando - Waterford Park, FL","12301 Lake Underhill Rd, Oralndo, FL, 32828",Orange County,Official Florida studio,Elite,Elite,Standard advertised dues,99.0,Monthly,99.0,,,99.0,,Inactive,,Observed,Official Orangetheory studio page,https://www.orangetheory.com/en-us/locations/oralndo-florida-0107,https://www.orangetheory.com/en-us/locations/oralndo-florida-0107,2026-09-01T01:59:02.586924+00:00,Prices are studio-specific and plan-specific; standard price retained even when a first-month promotion is active.
Orangetheory Fitness,0107,"Orlando - Waterford Park, FL","12301 Lake Underhill Rd, Oralndo, FL, 32828",Orange County,Official Florida studio,Basic,Basic,Standard advertised dues,59.0,Monthly,59.0,,,59.0,,Inactive,,Observed,Official Orangetheory studio page,https://www.orangetheory.com/en-us/locations/oralndo-florida-0107,https://www.orangetheory.com/en-us/locations/oralndo-florida-0107,2026-09-01T01:59:02.586924+00:00,Prices are studio-specific and plan-specific; standard price retained even when a first-month promotion is active.
Orangetheory Fitness,0671,"Ocala, FL","4414 SW College Rd #960, Ocala, FL, 34474",Marion County,Official Florida studio,Premier,Premier,Standard advertised dues,169.0,Monthly,169.0,,,169.0,119.0,Active,"Jan 01, 2027",Observed,Official Orangetheory studio page,https://www.orangetheory.com/en-us/locations/ocala-florida-0671,https://www.orangetheory.com/en-us/locations/ocala-florida-0671,2026-09-01T01:59:02.586924+00:00,Prices are studio-specific and plan-specific; standard price retained even when a first-month promotion is active.
Orangetheory Fitness,0671,"Ocala, FL","4414 SW College Rd #960, Ocala, FL, 34474",Marion County,Official Florida studio,Elite,Elite,Standard advertised dues,109.0,Monthly,109.0,,,109.0,,Inactive,,Observed,Official Orangetheory studio page,https://www.orangetheory.com/en-us/locations/ocala-florida-0671,https://www.orangetheory.com/en-us/locations/ocala-florida-0671,2026-09-01T01:59:02.586924+00:00,Prices are studio-specific and plan-specific; standard price retained even when a first-month promotion is active.
Orangetheory Fitness,0671,"Ocala, FL","4414 SW College Rd #960, Ocala, FL, 34474",Marion County,Official Florida studio,Basic,Basic,Standard advertised dues,69.0,Monthly,69.0,,,69.0,,Inactive,,Observed,Official Orangetheory studio page,https://www.orangetheory.com/en-us/locations/ocala-florida-0671,https://www.orangetheory.com/en-us/locations/ocala-florida-0671,2026-09-01T01:59:02.586924+00:00,Prices are studio-specific and plan-specific; standard price retained even when a first-month promotion is active.
Orangetheory Fitness,0898,"Oakleaf, FL","9610 Applecross Rd #102, Jacksonville, FL, 32222",Duval County,Official Florida studio,Premier,Premier,Standard advertised dues,169.0,Monthly,169.0,,,169.0,119.0,Active,"Jan 01, 2027",Observed,Official Orangetheory studio page,https://www.orangetheory.com/en-us/locations/jacksonville-florida-0898,https://www.orangetheory.com/en-us/locations/jacksonville-florida-0898,2026-09-01T01:59:02.586924+00:00,Prices are studio-specific and plan-specific; standard price retained even when a first-month promotion is active.
Orangetheory Fitness,0898,"Oakleaf, FL","9610 Applecross Rd #102, Jacksonville, FL, 32222",Duval County,Official Florida studio,Elite,Elite,Standard advertised dues,109.0,Monthly,109.0,,,109.0,,Inactive,,Observed,Official Orangetheory studio page,https://www.orangetheory.com/en-us/locations/jacksonville-florida-0898,https://www.orangetheory.com/en-us/locations/jacksonville-florida-0898,2026-09-01T01:59:02.586924+00:00,Prices are studio-specific and plan-specific; standard price retained even when a first-month promotion is active.
Orangetheory Fitness,0898,"Oakleaf, FL","9610 Applecross Rd #102, Jacksonville, FL, 32222",Duval County,Official Florida studio,Basic,Basic,Standard advertised dues,69.0,Monthly,69.0,,,69.0,,Inactive,,Observed,Official Orangetheory studio page,https://www.orangetheory.com/en-us/locations/jacksonville-florida-0898,https://www.orangetheory.com/en-us/locations/jacksonville-florida-0898,2026-09-01T01:59:02.586924+00:00,Prices are studio-specific and plan-specific; standard price retained even when a first-month promotion is active.
Orangetheory Fitness,0417,"North Melbourne, FL","6365 N Wickham Rd D301, Melbourne, FL, 32940",Brevard County,Official Florida studio,Premier,Premier,Standard advertised dues,169.0,Monthly,169.0,,,169.0,119.0,Active,"Jan 01, 2027",Observed,Official Orangetheory studio page,https://www.orangetheory.com/en-us/locations/melbourne-florida-0417,https://www.orangetheory.com/en-us/locations/melbourne-florida-0417,2026-09-01T01:59:02.586924+00:00,Prices are studio-specific and plan-specific; standard price retained even when a first-month promotion is active.
Orangetheory Fitness,0417,"North Melbourne, FL","6365 N Wickham Rd D301, Melbourne, FL, 32940",Brevard County,Official Florida studio,Elite,Elite,Standard advertised dues,109.0,Monthly,109.0,,,109.0,,Inactive,,Observed,Official Orangetheory studio page,https://www.orangetheory.com/en-us/locations/melbourne-florida-0417,https://www.orangetheory.com/en-us/locations/melbourne-florida-0417,2026-09-01T01:59:02.586924+00:00,Prices are studio-specific and plan-specific; standard price retained even when a first-month promotion is active.
Orangetheory Fitness,0417,"North Melbourne, FL","6365 N Wickham Rd D301, Melbourne, FL, 32940",Brevard County,Official Florida studio,Basic,Basic,Standard advertised dues,69.0,Monthly,69.0,,,69.0,,Inactive,,Observed,Official Orangetheory studio page,https://www.orangetheory.com/en-us/locations/melbourne-florida-0417,https://www.orangetheory.com/en-us/locations/melbourne-florida-0417,2026-09-01T01:59:02.586924+00:00,Prices are studio-specific and plan-specific; standard price retained even when a first-month promotion is active.
Orangetheory Fitness,0005,"North Ft. Lauderdale - Commercial, FL","1759 E Commercial Blvd, Ft. Lauderdale, FL, 33334",Broward County,Official Florida studio,Premier,Premier,Standard advertised dues,179.0,Monthly,179.0,,,179.0,129.0,Active,"Jan 01, 2027",Observed,Official Orangetheory studio page,https://www.orangetheory.com/en-us/locations/ft-lauderdale-florida-0005,https://www.orangetheory.com/en-us/locations/ft-lauderdale-florida-0005,2026-09-01T01:59:02.586924+00:00,Prices are studio-specific and plan-specific; standard price retained even when a first-month promotion is active.
Orangetheory Fitness,0005,"North Ft. Lauderdale - Commercial, FL","1759 E Commercial Blvd, Ft. Lauderdale, FL, 33334",Broward County,Official Florida studio,Elite,Elite,Standard advertised dues,119.0,Monthly,119.0,,,119.0,,Inactive,,Observed,Official Orangetheory studio page,https://www.orangetheory.com/en-us/locations/ft-lauderdale-florida-0005,https://www.orangetheory.com/en-us/locations/ft-lauderdale-florida-0005,2026-09-01T01:59:02.586924+00:00,Prices are studio-specific and plan-specific; standard price retained even when a first-month promotion is active.
Orangetheory Fitness,0005,"North Ft. Lauderdale - Commercial, FL","1759 E Commercial Blvd, Ft. Lauderdale, FL, 33334",Broward County,Official Florida studio,Basic,Basic,Standard advertised dues,79.0,Monthly,79.0,,,79.0,,Inactive,,Observed,Official Orangetheory studio page,https://www.orangetheory.com/en-us/locations/ft-lauderdale-florida-0005,https://www.orangetheory.com/en-us/locations/ft-lauderdale-florida-0005,2026-09-01T01:59:02.586924+00:00,Prices are studio-specific and plan-specific; standard price retained even when a first-month promotion is active.
Orangetheory Fitness,311,"Nona North, FL","9161 Narcoossee Rd #104, Orlando, FL, 32827",Orange County,Official Florida studio,Premier,Premier,Standard advertised dues,159.0,Monthly,159.0,,,159.0,109.0,Active,"Jan 01, 2027",Observed,Official Orangetheory studio page,https://www.orangetheory.com/en-us/locations/orlando-florida-0311,https://www.orangetheory.com/en-us/locations/orlando-florida-0311,2026-09-01T01:59:02.586924+00:00,Prices are studio-specific and plan-specific; standard price retained even when a first-month promotion is active.
Orangetheory Fitness,311,"Nona North, FL","9161 Narcoossee Rd #104, Orlando, FL, 32827",Orange County,Official Florida studio,Elite,Elite,Standard advertised dues,99.0,Monthly,99.0,,,99.0,,Inactive,,Observed,Official Orangetheory studio page,https://www.orangetheory.com/en-us/locations/orlando-florida-0311,https://www.orangetheory.com/en-us/locations/orlando-florida-0311,2026-09-01T01:59:02.586924+00:00,Prices are studio-specific and plan-specific; standard price retained even when a first-month promotion is active.
Orangetheory Fitness,311,"Nona North, FL","9161 Narcoossee Rd #104, Orlando, FL, 32827",Orange County,Official Florida studio,Basic,Basic,Standard advertised dues,59.0,Monthly,59.0,,,59.0,,Inactive,,Observed,Official Orangetheory studio page,https://www.orangetheory.com/en-us/locations/orlando-florida-0311,https://www.orangetheory.com/en-us/locations/orlando-florida-0311,2026-09-01T01:59:02.586924+00:00,Prices are studio-specific and plan-specific; standard price retained even when a first-month promotion is active.
Orangetheory Fitness,1509,"Nona South, FL","12851 Narcoossee Rd, Orlando, FL, 32832",Orange County,Official Florida studio,Premier,Premier,Standard advertised dues,159.0,Monthly,159.0,,,159.0,109.0,Active,"Jan 01, 2027",Observed,Official Orangetheory studio page,https://www.orangetheory.com/en-us/locations/orlando-florida-1509,https://www.orangetheory.com/en-us/locations/orlando-florida-1509,2026-09-01T01:59:02.586924+00:00,Prices are studio-specific and plan-specific; standard price retained even when a first-month promotion is active.
Orangetheory Fitness,1509,"Nona South, FL","12851 Narcoossee Rd, Orlando, FL, 32832",Orange County,Official Florida studio,Elite,Elite,Standard advertised dues,99.0,Monthly,99.0,,,99.0,,Inactive,,Observed,Official Orangetheory studio page,https://www.orangetheory.com/en-us/locations/orlando-florida-1509,https://www.orangetheory.com/en-us/locations/orlando-florida-1509,2026-09-01T01:59:02.586924+00:00,Prices are studio-specific and plan-specific; standard price retained even when a first-month promotion is active.
Orangetheory Fitness,1509,"Nona South, FL","12851 Narcoossee Rd, Orlando, FL, 32832",Orange County,Official Florida studio,Basic,Basic,Standard advertised dues,59.0,Monthly,59.0,,,59.0,,Inactive,,Observed,Official Orangetheory studio page,https://www.orangetheory.com/en-us/locations/orlando-florida-1509,https://www.orangetheory.com/en-us/locations/orlando-florida-1509,2026-09-01T01:59:02.586924+00:00,Prices are studio-specific and plan-specific; standard price retained even when a first-month promotion is active.
Orangetheory Fitness,1536,"New Smyrna Beach, FL","1944 FL 44, New Smyrna Beach, FL, 32168",Volusia County,Official Florida studio,Premier,Premier,Standard advertised dues,159.0,Monthly,159.0,,,159.0,109.0,Active,"Jan 01, 2027",Observed,Official Orangetheory studio page,https://www.orangetheory.com/en-us/locations/new-smyrna-beach-florida-1536,https://www.orangetheory.com/en-us/locations/new-smyrna-beach-florida-1536,2026-09-01T01:59:02.586924+00:00,Prices are studio-specific and plan-specific; standard price retained even when a first-month promotion is active.
Orangetheory Fitness,1536,"New Smyrna Beach, FL","1944 FL 44, New Smyrna Beach, FL, 32168",Volusia County,Official Florida studio,Elite,Elite,Standard advertised dues,99.0,Monthly,99.0,,,99.0,,Inactive,,Observed,Official Orangetheory studio page,https://www.orangetheory.com/en-us/locations/new-smyrna-beach-florida-1536,https://www.orangetheory.com/en-us/locations/new-smyrna-beach-florida-1536,2026-09-01T01:59:02.586924+00:00,Prices are studio-specific and plan-specific; standard price retained even when a first-month promotion is active.
Orangetheory Fitness,1536,"New Smyrna Beach, FL","1944 FL 44, New Smyrna Beach, FL, 32168",Volusia County,Official Florida studio,Basic,Basic,Standard advertised dues,59.0,Monthly,59.0,,,59.0,,Inactive,,Observed,Official Orangetheory studio page,https://www.orangetheory.com/en-us/locations/new-smyrna-beach-florida-1536,https://www.orangetheory.com/en-us/locations/new-smyrna-beach-florida-1536,2026-09-01T01:59:02.586924+00:00,Prices are studio-specific and plan-specific; standard price retained even when a first-month promotion is active.
Orangetheory Fitness,0229,"Naples, FL","7935 Airport-Pulling Rd #1, Naples, FL, 34109",Collier County,Official Florida studio,Premier,Premier,Standard advertised dues,179.0,Monthly,179.0,,,179.0,129.0,Active,"Jan 01, 2027",Observed,Official Orangetheory studio page,https://www.orangetheory.com/en-us/locations/naples-florida-0229,https://www.orangetheory.com/en-us/locations/naples-florida-0229,2026-09-01T01:59:02.586924+00:00,Prices are studio-specific and plan-specific; standard price retained even when a first-month promotion is active.
Orangetheory Fitness,0229,"Naples, FL","7935 Airport-Pulling Rd #1, Naples, FL, 34109",Collier County,Official Florida studio,Elite,Elite,Standard advertised dues,119.0,Monthly,119.0,,,119.0,,Inactive,,Observed,Official Orangetheory studio page,https://www.orangetheory.com/en-us/locations/naples-florida-0229,https://www.orangetheory.com/en-us/locations/naples-florida-0229,2026-09-01T01:59:02.586924+00:00,Prices are studio-specific and plan-specific; standard price retained even when a first-month promotion is active.
Orangetheory Fitness,0229,"Naples, FL","7935 Airport-Pulling Rd #1, Naples, FL, 34109",Collier County,Official Florida studio,Basic,Basic,Standard advertised dues,79.0,Monthly,79.0,,,79.0,,Inactive,,Observed,Official Orangetheory studio page,https://www.orangetheory.com/en-us/locations/naples-florida-0229,https://www.orangetheory.com/en-us/locations/naples-florida-0229,2026-09-01T01:59:02.586924+00:00,Prices are studio-specific and plan-specific; standard price retained even when a first-month promotion is active.
Orangetheory Fitness,0635,"N. St. Johns, FL","2851 County Rd 210, St. Johns, FL, 32259",St. Johns County,Official Florida studio,Premier,Premier,Standard advertised dues,169.0,Monthly,169.0,,,169.0,119.0,Active,"Jan 01, 2027",Observed,Official Orangetheory studio page,https://www.orangetheory.com/en-us/locations/st-johns-florida-0635,https://www.orangetheory.com/en-us/locations/st-johns-florida-0635,2026-09-01T01:59:02.586924+00:00,Prices are studio-specific and plan-specific; standard price retained even when a first-month promotion is active.
Orangetheory Fitness,0635,"N. St. Johns, FL","2851 County Rd 210, St. Johns, FL, 32259",St. Johns County,Official Florida studio,Elite,Elite,Standard advertised dues,109.0,Monthly,109.0,,,109.0,,Inactive,,Observed,Official Orangetheory studio page,https://www.orangetheory.com/en-us/locations/st-johns-florida-0635,https://www.orangetheory.com/en-us/locations/st-johns-florida-0635,2026-09-01T01:59:02.586924+00:00,Prices are studio-specific and plan-specific; standard price retained even when a first-month promotion is active.
Orangetheory Fitness,0635,"N. St. Johns, FL","2851 County Rd 210, St. Johns, FL, 32259",St. Johns County,Official Florida studio,Basic,Basic,Standard advertised dues,69.0,Monthly,69.0,,,69.0,,Inactive,,Observed,Official Orangetheory studio page,https://www.orangetheory.com/en-us/locations/st-johns-florida-0635,https://www.orangetheory.com/en-us/locations/st-johns-florida-0635,2026-09-01T01:59:02.586924+00:00,Prices are studio-specific and plan-specific; standard price retained even when a first-month promotion is active.
Orangetheory Fitness,0970,"Mount Dora, FL","3208 County Rd 44B, Mount Dora, FL, 32757",Lake County,Official Florida studio,Premier,Premier,Standard advertised dues,159.0,Monthly,159.0,,,159.0,109.0,Active,"Jan 01, 2027",Observed,Official Orangetheory studio page,https://www.orangetheory.com/en-us/locations/mount-dora-florida-0970,https://www.orangetheory.com/en-us/locations/mount-dora-florida-0970,2026-09-01T01:59:02.586924+00:00,Prices are studio-specific and plan-specific; standard price retained even when a first-month promotion is active.
Orangetheory Fitness,0970,"Mount Dora, FL","3208 County Rd 44B, Mount Dora, FL, 32757",Lake County,Official Florida studio,Elite,Elite,Standard advertised dues,99.0,Monthly,99.0,,,99.0,,Inactive,,Observed,Official Orangetheory studio page,https://www.orangetheory.com/en-us/locations/mount-dora-florida-0970,https://www.orangetheory.com/en-us/locations/mount-dora-florida-0970,2026-09-01T01:59:02.586924+00:00,Prices are studio-specific and plan-specific; standard price retained even when a first-month promotion is active.
Orangetheory Fitness,0970,"Mount Dora, FL","3208 County Rd 44B, Mount Dora, FL, 32757",Lake County,Official Florida studio,Basic,Basic,Standard advertised dues,59.0,Monthly,59.0,,,59.0,,Inactive,,Observed,Official Orangetheory studio page,https://www.orangetheory.com/en-us/locations/mount-dora-florida-0970,https://www.orangetheory.com/en-us/locations/mount-dora-florida-0970,2026-09-01T01:59:02.586924+00:00,Prices are studio-specific and plan-specific; standard price retained even when a first-month promotion is active.
Orangetheory Fitness,156,"Miramar, FL","12316 Miramar Pkwy, Miramar, FL, 33025",Broward County,Official Florida studio,Premier,Premier,Standard advertised dues,179.0,Monthly,179.0,,,179.0,129.0,Active,"Jan 01, 2027",Observed,Official Orangetheory studio page,https://www.orangetheory.com/en-us/locations/miramar-florida-0156,https://www.orangetheory.com/en-us/locations/miramar-florida-0156,2026-09-01T01:59:02.586924+00:00,Prices are studio-specific and plan-specific; standard price retained even when a first-month promotion is active.
Orangetheory Fitness,156,"Miramar, FL","12316 Miramar Pkwy, Miramar, FL, 33025",Broward County,Official Florida studio,Elite,Elite,Standard advertised dues,119.0,Monthly,119.0,,,119.0,,Inactive,,Observed,Official Orangetheory studio page,https://www.orangetheory.com/en-us/locations/miramar-florida-0156,https://www.orangetheory.com/en-us/locations/miramar-florida-0156,2026-09-01T01:59:02.586924+00:00,Prices are studio-specific and plan-specific; standard price retained even when a first-month promotion is active.
Orangetheory Fitness,156,"Miramar, FL","12316 Miramar Pkwy, Miramar, FL, 33025",Broward County,Official Florida studio,Basic,Basic,Standard advertised dues,79.0,Monthly,79.0,,,79.0,,Inactive,,Observed,Official Orangetheory studio page,https://www.orangetheory.com/en-us/locations/miramar-florida-0156,https://www.orangetheory.com/en-us/locations/miramar-florida-0156,2026-09-01T01:59:02.586924+00:00,Prices are studio-specific and plan-specific; standard price retained even when a first-month promotion is active.
Orangetheory Fitness,0570,"Miami Shores, FL","9017 Biscayne Blvd, Miami Shores, FL, 33138",Miami-Dade County,Official Florida studio,Premier,Premier,Standard advertised dues,179.0,Monthly,179.0,,,179.0,129.0,Active,"Jan 01, 2027",Observed,Official Orangetheory studio page,https://www.orangetheory.com/en-us/locations/miami-shores-florida-0570,https://www.orangetheory.com/en-us/locations/miami-shores-florida-0570,2026-09-01T01:59:02.586924+00:00,Prices are studio-specific and plan-specific; standard price retained even when a first-month promotion is active.
Orangetheory Fitness,0570,"Miami Shores, FL","9017 Biscayne Blvd, Miami Shores, FL, 33138",Miami-Dade County,Official Florida studio,Elite,Elite,Standard advertised dues,119.0,Monthly,119.0,,,119.0,,Inactive,,Observed,Official Orangetheory studio page,https://www.orangetheory.com/en-us/locations/miami-shores-florida-0570,https://www.orangetheory.com/en-us/locations/miami-shores-florida-0570,2026-09-01T01:59:02.586924+00:00,Prices are studio-specific and plan-specific; standard price retained even when a first-month promotion is active.
Orangetheory Fitness,0570,"Miami Shores, FL","9017 Biscayne Blvd, Miami Shores, FL, 33138",Miami-Dade County,Official Florida studio,Basic,Basic,Standard advertised dues,79.0,Monthly,79.0,,,79.0,,Inactive,,Observed,Official Orangetheory studio page,https://www.orangetheory.com/en-us/locations/miami-shores-florida-0570,https://www.orangetheory.com/en-us/locations/miami-shores-florida-0570,2026-09-01T01:59:02.586924+00:00,Prices are studio-specific and plan-specific; standard price retained even when a first-month promotion is active.
Orangetheory Fitness,38,"Miami Lakes, FL","15490 NW 77th Ct, Miami Lakes, FL, 33016",Miami-Dade County,Official Florida studio,Premier,Premier,Standard advertised dues,179.0,Monthly,179.0,,,179.0,129.0,Active,"Jan 01, 2027",Observed,Official Orangetheory studio page,https://www.orangetheory.com/en-us/locations/miami-lakes-florida-0038,https://www.orangetheory.com/en-us/locations/miami-lakes-florida-0038,2026-09-01T01:59:02.586924+00:00,Prices are studio-specific and plan-specific; standard price retained even when a first-month promotion is active.
Orangetheory Fitness,38,"Miami Lakes, FL","15490 NW 77th Ct, Miami Lakes, FL, 33016",Miami-Dade County,Official Florida studio,Elite,Elite,Standard advertised dues,119.0,Monthly,119.0,,,119.0,,Inactive,,Observed,Official Orangetheory studio page,https://www.orangetheory.com/en-us/locations/miami-lakes-florida-0038,https://www.orangetheory.com/en-us/locations/miami-lakes-florida-0038,2026-09-01T01:59:02.586924+00:00,Prices are studio-specific and plan-specific; standard price retained even when a first-month promotion is active.
Orangetheory Fitness,38,"Miami Lakes, FL","15490 NW 77th Ct, Miami Lakes, FL, 33016",Miami-Dade County,Official Florida studio,Basic,Basic,Standard advertised dues,79.0,Monthly,79.0,,,79.0,,Inactive,,Observed,Official Orangetheory studio page,https://www.orangetheory.com/en-us/locations/miami-lakes-florida-0038,https://www.orangetheory.com/en-us/locations/miami-lakes-florida-0038,2026-09-01T01:59:02.586924+00:00,Prices are studio-specific and plan-specific; standard price retained even when a first-month promotion is active.
Orangetheory Fitness,0090,"Miami-Bird Rd, FL","7396 SW 40th St, Miami, FL, 33155",Miami-Dade County,Official Florida studio,Premier,Premier,Standard advertised dues,179.0,Monthly,179.0,,,179.0,129.0,Active,"Jan 01, 2027",Observed,Official Orangetheory studio page,https://www.orangetheory.com/en-us/locations/miami-florida-0090,https://www.orangetheory.com/en-us/locations/miami-florida-0090,2026-09-01T01:59:02.586924+00:00,Prices are studio-specific and plan-specific; standard price retained even when a first-month promotion is active.
Orangetheory Fitness,0090,"Miami-Bird Rd, FL","7396 SW 40th St, Miami, FL, 33155",Miami-Dade County,Official Florida studio,Elite,Elite,Standard advertised dues,119.0,Monthly,119.0,,,119.0,,Inactive,,Observed,Official Orangetheory studio page,https://www.orangetheory.com/en-us/locations/miami-florida-0090,https://www.orangetheory.com/en-us/locations/miami-florida-0090,2026-09-01T01:59:02.586924+00:00,Prices are studio-specific and plan-specific; standard price retained even when a first-month promotion is active.
Orangetheory Fitness,0090,"Miami-Bird Rd, FL","7396 SW 40th St, Miami, FL, 33155",Miami-Dade County,Official Florida studio,Basic,Basic,Standard advertised dues,79.0,Monthly,79.0,,,79.0,,Inactive,,Observed,Official Orangetheory studio page,https://www.orangetheory.com/en-us/locations/miami-florida-0090,https://www.orangetheory.com/en-us/locations/miami-florida-0090,2026-09-01T01:59:02.586924+00:00,Prices are studio-specific and plan-specific; standard price retained even when a first-month promotion is active.
Orangetheory Fitness,857,"Miami - Design District, FL","89 NE 38th St, Miami-Design District, FL, 33137",Miami-Dade County,Official Florida studio,Premier,Premier,Standard advertised dues,179.0,Monthly,179.0,,,179.0,129.0,Active,"Jan 01, 2027",Observed,Official Orangetheory studio page,https://www.orangetheory.com/en-us/locations/miami-design-district-florida-0857,https://www.orangetheory.com/en-us/locations/miami-design-district-florida-0857,2026-09-01T01:59:02.586924+00:00,Prices are studio-specific and plan-specific; standard price retained even when a first-month promotion is active.
Orangetheory Fitness,857,"Miami - Design District, FL","89 NE 38th St, Miami-Design District, FL, 33137",Miami-Dade County,Official Florida studio,Elite,Elite,Standard advertised dues,119.0,Monthly,119.0,,,119.0,,Inactive,,Observed,Official Orangetheory studio page,https://www.orangetheory.com/en-us/locations/miami-design-district-florida-0857,https://www.orangetheory.com/en-us/locations/miami-design-district-florida-0857,2026-09-01T01:59:02.586924+00:00,Prices are studio-specific and plan-specific; standard price retained even when a first-month promotion is active.
Orangetheory Fitness,857,"Miami - Design District, FL","89 NE 38th St, Miami-Design District, FL, 33137",Miami-Dade County,Official Florida studio,Basic,Basic,Standard advertised dues,79.0,Monthly,79.0,,,79.0,,Inactive,,Observed,Official Orangetheory studio page,https://www.orangetheory.com/en-us/locations/miami-design-district-florida-0857,https://www.orangetheory.com/en-us/locations/miami-design-district-florida-0857,2026-09-01T01:59:02.586924+00:00,Prices are studio-specific and plan-specific; standard price retained even when a first-month promotion is active.
Orangetheory Fitness,0931,"Lithia, FL","3311 Lithia Pinecrest Rd, Valrico, FL, 33594",Hillsborough County,Official Florida studio,Basic,Basic,Standard advertised dues,79.0,Monthly,79.0,,,79.0,,Inactive,,Observed,Official Orangetheory studio page,https://www.orangetheory.com/en-us/locations/valrico-florida-0931,https://www.orangetheory.com/en-us/locations/valrico-florida-0931,2026-09-01T01:59:02.586924+00:00,Prices are studio-specific and plan-specific; standard price retained even when a first-month promotion is active.
Orangetheory Fitness,0931,"Lithia, FL","3311 Lithia Pinecrest Rd, Valrico, FL, 33594",Hillsborough County,Official Florida studio,Elite,Elite,Standard advertised dues,119.0,Monthly,119.0,,,119.0,,Inactive,,Observed,Official Orangetheory studio page,https://www.orangetheory.com/en-us/locations/valrico-florida-0931,https://www.orangetheory.com/en-us/locations/valrico-florida-0931,2026-09-01T01:59:02.586924+00:00,Prices are studio-specific and plan-specific; standard price retained even when a first-month promotion is active.
Orangetheory Fitness,0931,"Lithia, FL","3311 Lithia Pinecrest Rd, Valrico, FL, 33594",Hillsborough County,Official Florida studio,Premier,Premier,Standard advertised dues,179.0,Monthly,179.0,,,179.0,129.0,Active,"Jan 01, 2027",Observed,Official Orangetheory studio page,https://www.orangetheory.com/en-us/locations/valrico-florida-0931,https://www.orangetheory.com/en-us/locations/valrico-florida-0931,2026-09-01T01:59:02.586924+00:00,Prices are studio-specific and plan-specific; standard price retained even when a first-month promotion is active.
Orangetheory Fitness,346,"Largo, FL","10500 Ulmerton Rd Suite 220, Largo, FL, 33771",Pinellas County,Official Florida studio,Basic,Basic,Standard advertised dues,79.0,Monthly,79.0,,,79.0,,Inactive,,Observed,Official Orangetheory studio page,https://www.orangetheory.com/en-us/locations/largo-florida-0346,https://www.orangetheory.com/en-us/locations/largo-florida-0346,2026-09-01T01:59:02.586924+00:00,Prices are studio-specific and plan-specific; standard price retained even when a first-month promotion is active.
Orangetheory Fitness,346,"Largo, FL","10500 Ulmerton Rd Suite 220, Largo, FL, 33771",Pinellas County,Official Florida studio,Elite,Elite,Standard advertised dues,119.0,Monthly,119.0,,,119.0,,Inactive,,Observed,Official Orangetheory studio page,https://www.orangetheory.com/en-us/locations/largo-florida-0346,https://www.orangetheory.com/en-us/locations/largo-florida-0346,2026-09-01T01:59:02.586924+00:00,Prices are studio-specific and plan-specific; standard price retained even when a first-month promotion is active.
Orangetheory Fitness,346,"Largo, FL","10500 Ulmerton Rd Suite 220, Largo, FL, 33771",Pinellas County,Official Florida studio,Premier,Premier,Standard advertised dues,179.0,Monthly,179.0,,,179.0,129.0,Active,"Jan 01, 2027",Observed,Official Orangetheory studio page,https://www.orangetheory.com/en-us/locations/largo-florida-0346,https://www.orangetheory.com/en-us/locations/largo-florida-0346,2026-09-01T01:59:02.586924+00:00,Prices are studio-specific and plan-specific; standard price retained even when a first-month promotion is active.
Orangetheory Fitness,255,"Lakewood Ranch, FL","5496 Lena Rd, Bradenton, FL, 34211",Manatee County,Official Florida studio,Basic,Basic,Standard advertised dues,79.0,Monthly,79.0,,,79.0,,Inactive,,Observed,Official Orangetheory studio page,https://www.orangetheory.com/en-us/locations/bradenton-florida-0255,https://www.orangetheory.com/en-us/locations/bradenton-florida-0255,2026-09-01T01:59:02.586924+00:00,Prices are studio-specific and plan-specific; standard price retained even when a first-month promotion is active.
Orangetheory Fitness,255,"Lakewood Ranch, FL","5496 Lena Rd, Bradenton, FL, 34211",Manatee County,Official Florida studio,Elite,Elite,Standard advertised dues,119.0,Monthly,119.0,,,119.0,,Inactive,,Observed,Official Orangetheory studio page,https://www.orangetheory.com/en-us/locations/bradenton-florida-0255,https://www.orangetheory.com/en-us/locations/bradenton-florida-0255,2026-09-01T01:59:02.586924+00:00,Prices are studio-specific and plan-specific; standard price retained even when a first-month promotion is active.
Orangetheory Fitness,255,"Lakewood Ranch, FL","5496 Lena Rd, Bradenton, FL, 34211",Manatee County,Official Florida studio,Premier,Premier,Standard advertised dues,179.0,Monthly,179.0,,,179.0,129.0,Active,"Jan 01, 2027",Observed,Official Orangetheory studio page,https://www.orangetheory.com/en-us/locations/bradenton-florida-0255,https://www.orangetheory.com/en-us/locations/bradenton-florida-0255,2026-09-01T01:59:02.586924+00:00,Prices are studio-specific and plan-specific; standard price retained even when a first-month promotion is active.
Orangetheory Fitness,700,"Lake Worth, FL","6177 Jog Rd #9D, Lake Worth, FL, 33467",Palm Beach County,Official Florida studio,Basic,Basic,Standard advertised dues,59.0,Monthly,59.0,,,59.0,,Inactive,,Observed,Official Orangetheory studio page,https://www.orangetheory.com/en-us/locations/lake-worth-florida-0700,https://www.orangetheory.com/en-us/locations/lake-worth-florida-0700,2026-09-01T01:59:02.586924+00:00,Prices are studio-specific and plan-specific; standard price retained even when a first-month promotion is active.
Orangetheory Fitness,700,"Lake Worth, FL","6177 Jog Rd #9D, Lake Worth, FL, 33467",Palm Beach County,Official Florida studio,Elite,Elite,Standard advertised dues,99.0,Monthly,99.0,,,99.0,,Inactive,,Observed,Official Orangetheory studio page,https://www.orangetheory.com/en-us/locations/lake-worth-florida-0700,https://www.orangetheory.com/en-us/locations/lake-worth-florida-0700,2026-09-01T01:59:02.586924+00:00,Prices are studio-specific and plan-specific; standard price retained even when a first-month promotion is active.
Orangetheory Fitness,700,"Lake Worth, FL","6177 Jog Rd #9D, Lake Worth, FL, 33467",Palm Beach County,Official Florida studio,Premier,Premier,Standard advertised dues,159.0,Monthly,159.0,,,159.0,109.0,Active,"Jan 01, 2027",Observed,Official Orangetheory studio page,https://www.orangetheory.com/en-us/locations/lake-worth-florida-0700,https://www.orangetheory.com/en-us/locations/lake-worth-florida-0700,2026-09-01T01:59:02.586924+00:00,Prices are studio-specific and plan-specific; standard price retained even when a first-month promotion is active.
Orangetheory Fitness,1569,"Lake Sumter-The Villages, FL","1028 Old Mill Run, The Villages, FL, 32162",Sumter County,Official Florida studio,Basic,Basic,Standard advertised dues,69.0,Monthly,69.0,,,69.0,,Inactive,,Observed,Official Orangetheory studio page,https://www.orangetheory.com/en-us/locations/the-villages-florida-1569,https://www.orangetheory.com/en-us/locations/the-villages-florida-1569,2026-09-01T01:59:02.586924+00:00,Prices are studio-specific and plan-specific; standard price retained even when a first-month promotion is active.
Orangetheory Fitness,1569,"Lake Sumter-The Villages, FL","1028 Old Mill Run, The Villages, FL, 32162",Sumter County,Official Florida studio,Elite,Elite,Standard advertised dues,109.0,Monthly,109.0,,,109.0,,Inactive,,Observed,Official Orangetheory studio page,https://www.orangetheory.com/en-us/locations/the-villages-florida-1569,https://www.orangetheory.com/en-us/locations/the-villages-florida-1569,2026-09-01T01:59:02.586924+00:00,Prices are studio-specific and plan-specific; standard price retained even when a first-month promotion is active.
Orangetheory Fitness,1569,"Lake Sumter-The Villages, FL","1028 Old Mill Run, The Villages, FL, 32162",Sumter County,Official Florida studio,Premier,Premier,Standard advertised dues,169.0,Monthly,169.0,,,169.0,119.0,Active,"Jan 01, 2027",Observed,Official Orangetheory studio page,https://www.orangetheory.com/en-us/locations/the-villages-florida-1569,https://www.orangetheory.com/en-us/locations/the-villages-florida-1569,2026-09-01T01:59:02.586924+00:00,Prices are studio-specific and plan-specific; standard price retained even when a first-month promotion is active.
Orangetheory Fitness,0136,"Lake Mary, FL","3801 W Lake Mary Blvd #161, Lake Mary, FL, 32746",Seminole County,Official Florida studio,Basic,Basic,Standard advertised dues,59.0,Monthly,59.0,,,59.0,,Inactive,,Observed,Official Orangetheory studio page,https://www.orangetheory.com/en-us/locations/lake-mary-florida-0136,https://www.orangetheory.com/en-us/locations/lake-mary-florida-0136,2026-09-01T01:59:02.586924+00:00,Prices are studio-specific and plan-specific; standard price retained even when a first-month promotion is active.
Orangetheory Fitness,0136,"Lake Mary, FL","3801 W Lake Mary Blvd #161, Lake Mary, FL, 32746",Seminole County,Official Florida studio,Elite,Elite,Standard advertised dues,99.0,Monthly,99.0,,,99.0,,Inactive,,Observed,Official Orangetheory studio page,https://www.orangetheory.com/en-us/locations/lake-mary-florida-0136,https://www.orangetheory.com/en-us/locations/lake-mary-florida-0136,2026-09-01T01:59:02.586924+00:00,Prices are studio-specific and plan-specific; standard price retained even when a first-month promotion is active.
Orangetheory Fitness,0136,"Lake Mary, FL","3801 W Lake Mary Blvd #161, Lake Mary, FL, 32746",Seminole County,Official Florida studio,Premier,Premier,Standard advertised dues,159.0,Monthly,159.0,,,159.0,109.0,Active,"Jan 01, 2027",Observed,Official Orangetheory studio page,https://www.orangetheory.com/en-us/locations/lake-mary-florida-0136,https://www.orangetheory.com/en-us/locations/lake-mary-florida-0136,2026-09-01T01:59:02.586924+00:00,Prices are studio-specific and plan-specific; standard price retained even when a first-month promotion is active.
Orangetheory Fitness,54,"Jupiter, FL","6390 W Indiantown Rd Suite 24A, Jupiter, FL, 33458",Palm Beach County,Official Florida studio,Premier,Premier,Standard advertised dues,179.0,Monthly,179.0,,,179.0,129.0,Active,"Jan 01, 2027",Observed,Official Orangetheory studio page,https://www.orangetheory.com/en-us/locations/jupiter-florida-0054,https://www.orangetheory.com/en-us/locations/jupiter-florida-0054,2026-09-01T01:59:02.586924+00:00,Prices are studio-specific and plan-specific; standard price retained even when a first-month promotion is active.
Orangetheory Fitness,54,"Jupiter, FL","6390 W Indiantown Rd Suite 24A, Jupiter, FL, 33458",Palm Beach County,Official Florida studio,Elite,Elite,Standard advertised dues,119.0,Monthly,119.0,,,119.0,,Inactive,,Observed,Official Orangetheory studio page,https://www.orangetheory.com/en-us/locations/jupiter-florida-0054,https://www.orangetheory.com/en-us/locations/jupiter-florida-0054,2026-09-01T01:59:02.586924+00:00,Prices are studio-specific and plan-specific; standard price retained even when a first-month promotion is active.
Orangetheory Fitness,54,"Jupiter, FL","6390 W Indiantown Rd Suite 24A, Jupiter, FL, 33458",Palm Beach County,Official Florida studio,Basic,Basic,Standard advertised dues,79.0,Monthly,79.0,,,79.0,,Inactive,,Observed,Official Orangetheory studio page,https://www.orangetheory.com/en-us/locations/jupiter-florida-0054,https://www.orangetheory.com/en-us/locations/jupiter-florida-0054,2026-09-01T01:59:02.586924+00:00,Prices are studio-specific and plan-specific; standard price retained even when a first-month promotion is active.
Orangetheory Fitness,0900,"Jensen Beach, FL","4215 NW Federal Hwy, Jensen Beach, FL, 34957",Martin County,Official Florida studio,Premier,Premier,Standard advertised dues,159.0,Monthly,159.0,,,159.0,109.0,Active,"Jan 01, 2027",Observed,Official Orangetheory studio page,https://www.orangetheory.com/en-us/locations/jensen-beach-florida-0900,https://www.orangetheory.com/en-us/locations/jensen-beach-florida-0900,2026-09-01T01:59:02.586924+00:00,Prices are studio-specific and plan-specific; standard price retained even when a first-month promotion is active.
Orangetheory Fitness,0900,"Jensen Beach, FL","4215 NW Federal Hwy, Jensen Beach, FL, 34957",Martin County,Official Florida studio,Elite,Elite,Standard advertised dues,99.0,Monthly,99.0,,,99.0,,Inactive,,Observed,Official Orangetheory studio page,https://www.orangetheory.com/en-us/locations/jensen-beach-florida-0900,https://www.orangetheory.com/en-us/locations/jensen-beach-florida-0900,2026-09-01T01:59:02.586924+00:00,Prices are studio-specific and plan-specific; standard price retained even when a first-month promotion is active.
Orangetheory Fitness,0900,"Jensen Beach, FL","4215 NW Federal Hwy, Jensen Beach, FL, 34957",Martin County,Official Florida studio,Basic,Basic,Standard advertised dues,59.0,Monthly,59.0,,,59.0,,Inactive,,Observed,Official Orangetheory studio page,https://www.orangetheory.com/en-us/locations/jensen-beach-florida-0900,https://www.orangetheory.com/en-us/locations/jensen-beach-florida-0900,2026-09-01T01:59:02.586924+00:00,Prices are studio-specific and plan-specific; standard price retained even when a first-month promotion is active.
Orangetheory Fitness,0151,"Jacksonville-Mandarin, FL","11111 San Jose Blvd, Jacksonville, FL, 32223",Duval County,Official Florida studio,Premier,Premier,Standard advertised dues,169.0,Monthly,169.0,,,169.0,119.0,Active,"Jan 01, 2027",Observed,Official Orangetheory studio page,https://www.orangetheory.com/en-us/locations/jacksonville-florida-0151,https://www.orangetheory.com/en-us/locations/jacksonville-florida-0151,2026-09-01T01:59:02.586924+00:00,Prices are studio-specific and plan-specific; standard price retained even when a first-month promotion is active.
Orangetheory Fitness,0151,"Jacksonville-Mandarin, FL","11111 San Jose Blvd, Jacksonville, FL, 32223",Duval County,Official Florida studio,Elite,Elite,Standard advertised dues,109.0,Monthly,109.0,,,109.0,,Inactive,,Observed,Official Orangetheory studio page,https://www.orangetheory.com/en-us/locations/jacksonville-florida-0151,https://www.orangetheory.com/en-us/locations/jacksonville-florida-0151,2026-09-01T01:59:02.586924+00:00,Prices are studio-specific and plan-specific; standard price retained even when a first-month promotion is active.
Orangetheory Fitness,0151,"Jacksonville-Mandarin, FL","11111 San Jose Blvd, Jacksonville, FL, 32223",Duval County,Official Florida studio,Basic,Basic,Standard advertised dues,69.0,Monthly,69.0,,,69.0,,Inactive,,Observed,Official Orangetheory studio page,https://www.orangetheory.com/en-us/locations/jacksonville-florida-0151,https://www.orangetheory.com/en-us/locations/jacksonville-florida-0151,2026-09-01T01:59:02.586924+00:00,Prices are studio-specific and plan-specific; standard price retained even when a first-month promotion is active.
Orangetheory Fitness,0837,"Jacksonville Beach, FL","3994 3rd St S Suite 9, Jacksonville Beach, FL, 32250",Duval County,Official Florida studio,Premier,Premier,Standard advertised dues,169.0,Monthly,169.0,,,169.0,119.0,Active,"Jan 01, 2027",Observed,Official Orangetheory studio page,https://www.orangetheory.com/en-us/locations/jacksonville-beach-florida-0837,https://www.orangetheory.com/en-us/locations/jacksonville-beach-florida-0837,2026-09-01T01:59:02.586924+00:00,Prices are studio-specific and plan-specific; standard price retained even when a first-month promotion is active.
Orangetheory Fitness,0837,"Jacksonville Beach, FL","3994 3rd St S Suite 9, Jacksonville Beach, FL, 32250",Duval County,Official Florida studio,Elite,Elite,Standard advertised dues,109.0,Monthly,109.0,,,109.0,,Inactive,,Observed,Official Orangetheory studio page,https://www.orangetheory.com/en-us/locations/jacksonville-beach-florida-0837,https://www.orangetheory.com/en-us/locations/jacksonville-beach-florida-0837,2026-09-01T01:59:02.586924+00:00,Prices are studio-specific and plan-specific; standard price retained even when a first-month promotion is active.
Orangetheory Fitness,0837,"Jacksonville Beach, FL","3994 3rd St S Suite 9, Jacksonville Beach, FL, 32250",Duval County,Official Florida studio,Basic,Basic,Standard advertised dues,69.0,Monthly,69.0,,,69.0,,Inactive,,Observed,Official Orangetheory studio page,https://www.orangetheory.com/en-us/locations/jacksonville-beach-florida-0837,https://www.orangetheory.com/en-us/locations/jacksonville-beach-florida-0837,2026-09-01T01:59:02.586924+00:00,Prices are studio-specific and plan-specific; standard price retained even when a first-month promotion is active.
Orangetheory Fitness,0152,"Jacksonville - Hodges Pointe, FL","13500 Beach Blvd #30, Jacksonville, FL, 32224",Duval County,Official Florida studio,Premier,Premier,Standard advertised dues,169.0,Monthly,169.0,,,169.0,119.0,Active,"Jan 01, 2027",Observed,Official Orangetheory studio page,https://www.orangetheory.com/en-us/locations/jacksonville-florida-0152,https://www.orangetheory.com/en-us/locations/jacksonville-florida-0152,2026-09-01T01:59:02.586924+00:00,Prices are studio-specific and plan-specific; standard price retained even when a first-month promotion is active.
Orangetheory Fitness,0152,"Jacksonville - Hodges Pointe, FL","13500 Beach Blvd #30, Jacksonville, FL, 32224",Duval County,Official Florida studio,Elite,Elite,Standard advertised dues,109.0,Monthly,109.0,,,109.0,,Inactive,,Observed,Official Orangetheory studio page,https://www.orangetheory.com/en-us/locations/jacksonville-florida-0152,https://www.orangetheory.com/en-us/locations/jacksonville-florida-0152,2026-09-01T01:59:02.586924+00:00,Prices are studio-specific and plan-specific; standard price retained even when a first-month promotion is active.
Orangetheory Fitness,0152,"Jacksonville - Hodges Pointe, FL","13500 Beach Blvd #30, Jacksonville, FL, 32224",Duval County,Official Florida studio,Basic,Basic,Standard advertised dues,69.0,Monthly,69.0,,,69.0,,Inactive,,Observed,Official Orangetheory studio page,https://www.orangetheory.com/en-us/locations/jacksonville-florida-0152,https://www.orangetheory.com/en-us/locations/jacksonville-florida-0152,2026-09-01T01:59:02.586924+00:00,Prices are studio-specific and plan-specific; standard price retained even when a first-month promotion is active.
Orangetheory Fitness,0049,"Hollywood, FL","3251 Hollywood Blvd, Hollywood, FL, 33021",Broward County,Official Florida studio,Premier,Premier,Standard advertised dues,179.0,Monthly,179.0,,,179.0,129.0,Active,"Jan 01, 2027",Observed,Official Orangetheory studio page,https://www.orangetheory.com/en-us/locations/hollywood-florida-0049,https://www.orangetheory.com/en-us/locations/hollywood-florida-0049,2026-09-01T01:59:02.586924+00:00,Prices are studio-specific and plan-specific; standard price retained even when a first-month promotion is active.
Orangetheory Fitness,0049,"Hollywood, FL","3251 Hollywood Blvd, Hollywood, FL, 33021",Broward County,Official Florida studio,Elite,Elite,Standard advertised dues,119.0,Monthly,119.0,,,119.0,,Inactive,,Observed,Official Orangetheory studio page,https://www.orangetheory.com/en-us/locations/hollywood-florida-0049,https://www.orangetheory.com/en-us/locations/hollywood-florida-0049,2026-09-01T01:59:02.586924+00:00,Prices are studio-specific and plan-specific; standard price retained even when a first-month promotion is active.
Orangetheory Fitness,0049,"Hollywood, FL","3251 Hollywood Blvd, Hollywood, FL, 33021",Broward County,Official Florida studio,Basic,Basic,Standard advertised dues,79.0,Monthly,79.0,,,79.0,,Inactive,,Observed,Official Orangetheory studio page,https://www.orangetheory.com/en-us/locations/hollywood-florida-0049,https://www.orangetheory.com/en-us/locations/hollywood-florida-0049,2026-09-01T01:59:02.586924+00:00,Prices are studio-specific and plan-specific; standard price retained even when a first-month promotion is active.
Orangetheory Fitness,0161,"Gainesville, FL","2005 NW 43rd St, Gainesville, FL, 32605",Alachua County,Official Florida studio,Premier,Premier,Standard advertised dues,169.0,Monthly,169.0,,,169.0,119.0,Active,"Jan 01, 2027",Observed,Official Orangetheory studio page,https://www.orangetheory.com/en-us/locations/gainesville-florida-0161,https://www.orangetheory.com/en-us/locations/gainesville-florida-0161,2026-09-01T01:59:02.586924+00:00,Prices are studio-specific and plan-specific; standard price retained even when a first-month promotion is active.
Orangetheory Fitness,0161,"Gainesville, FL","2005 NW 43rd St, Gainesville, FL, 32605",Alachua County,Official Florida studio,Elite,Elite,Standard advertised dues,109.0,Monthly,109.0,,,109.0,,Inactive,,Observed,Official Orangetheory studio page,https://www.orangetheory.com/en-us/locations/gainesville-florida-0161,https://www.orangetheory.com/en-us/locations/gainesville-florida-0161,2026-09-01T01:59:02.586924+00:00,Prices are studio-specific and plan-specific; standard price retained even when a first-month promotion is active.
Orangetheory Fitness,0161,"Gainesville, FL","2005 NW 43rd St, Gainesville, FL, 32605",Alachua County,Official Florida studio,Basic,Basic,Standard advertised dues,69.0,Monthly,69.0,,,69.0,,Inactive,,Observed,Official Orangetheory studio page,https://www.orangetheory.com/en-us/locations/gainesville-florida-0161,https://www.orangetheory.com/en-us/locations/gainesville-florida-0161,2026-09-01T01:59:02.586924+00:00,Prices are studio-specific and plan-specific; standard price retained even when a first-month promotion is active.
Orangetheory Fitness,0652,"Gainesville SW, FL","3205 Clark Butler Blvd #20, Gainesville, FL, 32608",Alachua County,Official Florida studio,Premier,Premier,Standard advertised dues,169.0,Monthly,169.0,,,169.0,119.0,Active,"Jan 01, 2027",Observed,Official Orangetheory studio page,https://www.orangetheory.com/en-us/locations/gainesville-florida-0652,https://www.orangetheory.com/en-us/locations/gainesville-florida-0652,2026-09-01T01:59:02.586924+00:00,Prices are studio-specific and plan-specific; standard price retained even when a first-month promotion is active.
Orangetheory Fitness,0652,"Gainesville SW, FL","3205 Clark Butler Blvd #20, Gainesville, FL, 32608",Alachua County,Official Florida studio,Elite,Elite,Standard advertised dues,109.0,Monthly,109.0,,,109.0,,Inactive,,Observed,Official Orangetheory studio page,https://www.orangetheory.com/en-us/locations/gainesville-florida-0652,https://www.orangetheory.com/en-us/locations/gainesville-florida-0652,2026-09-01T01:59:02.586924+00:00,Prices are studio-specific and plan-specific; standard price retained even when a first-month promotion is active.
Orangetheory Fitness,0652,"Gainesville SW, FL","3205 Clark Butler Blvd #20, Gainesville, FL, 32608",Alachua County,Official Florida studio,Basic,Basic,Standard advertised dues,69.0,Monthly,69.0,,,69.0,,Inactive,,Observed,Official Orangetheory studio page,https://www.orangetheory.com/en-us/locations/gainesville-florida-0652,https://www.orangetheory.com/en-us/locations/gainesville-florida-0652,2026-09-01T01:59:02.586924+00:00,Prices are studio-specific and plan-specific; standard price retained even when a first-month promotion is active.
Orangetheory Fitness,0283,"Fort Myers - Six Mile Cypress, FL","8001 Dani Dr, Fort Myers, FL, 33966",Lee County,Official Florida studio,Premier,Premier,Standard advertised dues,179.0,Monthly,179.0,,,179.0,129.0,Active,"Jan 01, 2027",Observed,Official Orangetheory studio page,https://www.orangetheory.com/en-us/locations/fort-myers-florida-0283,https://www.orangetheory.com/en-us/locations/fort-myers-florida-0283,2026-09-01T01:59:02.586924+00:00,Prices are studio-specific and plan-specific; standard price retained even when a first-month promotion is active.
Orangetheory Fitness,0283,"Fort Myers - Six Mile Cypress, FL","8001 Dani Dr, Fort Myers, FL, 33966",Lee County,Official Florida studio,Basic,Basic,Standard advertised dues,79.0,Monthly,79.0,,,79.0,,Inactive,,Observed,Official Orangetheory studio page,https://www.orangetheory.com/en-us/locations/fort-myers-florida-0283,https://www.orangetheory.com/en-us/locations/fort-myers-florida-0283,2026-09-01T01:59:02.586924+00:00,Prices are studio-specific and plan-specific; standard price retained even when a first-month promotion is active.
Orangetheory Fitness,0283,"Fort Myers - Six Mile Cypress, FL","8001 Dani Dr, Fort Myers, FL, 33966",Lee County,Official Florida studio,Elite,Elite,Standard advertised dues,119.0,Monthly,119.0,,,119.0,,Inactive,,Observed,Official Orangetheory studio page,https://www.orangetheory.com/en-us/locations/fort-myers-florida-0283,https://www.orangetheory.com/en-us/locations/fort-myers-florida-0283,2026-09-01T01:59:02.586924+00:00,Prices are studio-specific and plan-specific; standard price retained even when a first-month promotion is active.
Orangetheory Fitness,0001,"Fort Lauderdale, FL","1835 Cordova Rd, Ft. Lauderdale, FL, 33316",Broward County,Official Florida studio,Premier,Premier,Standard advertised dues,179.0,Monthly,179.0,,,179.0,129.0,Active,"Jan 01, 2027",Observed,Official Orangetheory studio page,https://www.orangetheory.com/en-us/locations/ft-lauderdale-florida-0001,https://www.orangetheory.com/en-us/locations/ft-lauderdale-florida-0001,2026-09-01T01:59:02.586924+00:00,Prices are studio-specific and plan-specific; standard price retained even when a first-month promotion is active.
Orangetheory Fitness,0001,"Fort Lauderdale, FL","1835 Cordova Rd, Ft. Lauderdale, FL, 33316",Broward County,Official Florida studio,Elite,Elite,Standard advertised dues,119.0,Monthly,119.0,,,119.0,,Inactive,,Observed,Official Orangetheory studio page,https://www.orangetheory.com/en-us/locations/ft-lauderdale-florida-0001,https://www.orangetheory.com/en-us/locations/ft-lauderdale-florida-0001,2026-09-01T01:59:02.586924+00:00,Prices are studio-specific and plan-specific; standard price retained even when a first-month promotion is active.
Orangetheory Fitness,0001,"Fort Lauderdale, FL","1835 Cordova Rd, Ft. Lauderdale, FL, 33316",Broward County,Official Florida studio,Basic,Basic,Standard advertised dues,79.0,Monthly,79.0,,,79.0,,Inactive,,Observed,Official Orangetheory studio page,https://www.orangetheory.com/en-us/locations/ft-lauderdale-florida-0001,https://www.orangetheory.com/en-us/locations/ft-lauderdale-florida-0001,2026-09-01T01:59:02.586924+00:00,Prices are studio-specific and plan-specific; standard price retained even when a first-month promotion is active.
Orangetheory Fitness,0573,"Fleming Island, FL","1615 County Rd 220, Fleming Island, FL, 32003",Clay County,Official Florida studio,Premier,Premier,Standard advertised dues,169.0,Monthly,169.0,,,169.0,119.0,Active,"Jan 01, 2027",Observed,Official Orangetheory studio page,https://www.orangetheory.com/en-us/locations/fleming-island-florida-0573,https://www.orangetheory.com/en-us/locations/fleming-island-florida-0573,2026-09-01T01:59:02.586924+00:00,Prices are studio-specific and plan-specific; standard price retained even when a first-month promotion is active.
Orangetheory Fitness,0573,"Fleming Island, FL","1615 County Rd 220, Fleming Island, FL, 32003",Clay County,Official Florida studio,Elite,Elite,Standard advertised dues,109.0,Monthly,109.0,,,109.0,,Inactive,,Observed,Official Orangetheory studio page,https://www.orangetheory.com/en-us/locations/fleming-island-florida-0573,https://www.orangetheory.com/en-us/locations/fleming-island-florida-0573,2026-09-01T01:59:02.586924+00:00,Prices are studio-specific and plan-specific; standard price retained even when a first-month promotion is active.
Orangetheory Fitness,0573,"Fleming Island, FL","1615 County Rd 220, Fleming Island, FL, 32003",Clay County,Official Florida studio,Basic,Basic,Standard advertised dues,69.0,Monthly,69.0,,,69.0,,Inactive,,Observed,Official Orangetheory studio page,https://www.orangetheory.com/en-us/locations/fleming-island-florida-0573,https://www.orangetheory.com/en-us/locations/fleming-island-florida-0573,2026-09-01T01:59:02.586924+00:00,Prices are studio-specific and plan-specific; standard price retained even when a first-month promotion is active.
Orangetheory Fitness,1092,"Estero, FL","10171 Estero Town Commons Pl, Estero, FL, 33928",Lee County,Official Florida studio,Premier,Premier,Standard advertised dues,179.0,Monthly,179.0,,,179.0,129.0,Active,"Jan 01, 2027",Observed,Official Orangetheory studio page,https://www.orangetheory.com/en-us/locations/estero-florida-1092,https://www.orangetheory.com/en-us/locations/estero-florida-1092,2026-09-01T01:59:02.586924+00:00,Prices are studio-specific and plan-specific; standard price retained even when a first-month promotion is active.
Orangetheory Fitness,1092,"Estero, FL","10171 Estero Town Commons Pl, Estero, FL, 33928",Lee County,Official Florida studio,Elite,Elite,Standard advertised dues,119.0,Monthly,119.0,,,119.0,,Inactive,,Observed,Official Orangetheory studio page,https://www.orangetheory.com/en-us/locations/estero-florida-1092,https://www.orangetheory.com/en-us/locations/estero-florida-1092,2026-09-01T01:59:02.586924+00:00,Prices are studio-specific and plan-specific; standard price retained even when a first-month promotion is active.
Orangetheory Fitness,1092,"Estero, FL","10171 Estero Town Commons Pl, Estero, FL, 33928",Lee County,Official Florida studio,Basic,Basic,Standard advertised dues,79.0,Monthly,79.0,,,79.0,,Inactive,,Observed,Official Orangetheory studio page,https://www.orangetheory.com/en-us/locations/estero-florida-1092,https://www.orangetheory.com/en-us/locations/estero-florida-1092,2026-09-01T01:59:02.586924+00:00,Prices are studio-specific and plan-specific; standard price retained even when a first-month promotion is active.
Orangetheory Fitness,26,"Downtown Miami - Vizcayne, FL","269 NE 2nd St, Miami, FL, 33132",Miami-Dade County,Official Florida studio,Premier,Premier,Standard advertised dues,179.0,Monthly,179.0,,,179.0,129.0,Active,"Jan 01, 2027",Observed,Official Orangetheory studio page,https://www.orangetheory.com/en-us/locations/miami-florida-0026,https://www.orangetheory.com/en-us/locations/miami-florida-0026,2026-09-01T01:59:02.586924+00:00,Prices are studio-specific and plan-specific; standard price retained even when a first-month promotion is active.
Orangetheory Fitness,26,"Downtown Miami - Vizcayne, FL","269 NE 2nd St, Miami, FL, 33132",Miami-Dade County,Official Florida studio,Elite,Elite,Standard advertised dues,119.0,Monthly,119.0,,,119.0,,Inactive,,Observed,Official Orangetheory studio page,https://www.orangetheory.com/en-us/locations/miami-florida-0026,https://www.orangetheory.com/en-us/locations/miami-florida-0026,2026-09-01T01:59:02.586924+00:00,Prices are studio-specific and plan-specific; standard price retained even when a first-month promotion is active.
Orangetheory Fitness,26,"Downtown Miami - Vizcayne, FL","269 NE 2nd St, Miami, FL, 33132",Miami-Dade County,Official Florida studio,Basic,Basic,Standard advertised dues,79.0,Monthly,79.0,,,79.0,,Inactive,,Observed,Official Orangetheory studio page,https://www.orangetheory.com/en-us/locations/miami-florida-0026,https://www.orangetheory.com/en-us/locations/miami-florida-0026,2026-09-01T01:59:02.586924+00:00,Prices are studio-specific and plan-specific; standard price retained even when a first-month promotion is active.
Orangetheory Fitness,0345,"Downtown Jacksonville - Ortega, FL","4495 Roosevelt Blvd #318, Jacksonville, FL, 32210",Duval County,Official Florida studio,Premier,Premier,Standard advertised dues,169.0,Monthly,169.0,,,169.0,119.0,Active,"Jan 01, 2027",Observed,Official Orangetheory studio page,https://www.orangetheory.com/en-us/locations/jacksonville-florida-0345,https://www.orangetheory.com/en-us/locations/jacksonville-florida-0345,2026-09-01T01:59:02.586924+00:00,Prices are studio-specific and plan-specific; standard price retained even when a first-month promotion is active.
Orangetheory Fitness,0345,"Downtown Jacksonville - Ortega, FL","4495 Roosevelt Blvd #318, Jacksonville, FL, 32210",Duval County,Official Florida studio,Elite,Elite,Standard advertised dues,109.0,Monthly,109.0,,,109.0,,Inactive,,Observed,Official Orangetheory studio page,https://www.orangetheory.com/en-us/locations/jacksonville-florida-0345,https://www.orangetheory.com/en-us/locations/jacksonville-florida-0345,2026-09-01T01:59:02.586924+00:00,Prices are studio-specific and plan-specific; standard price retained even when a first-month promotion is active.
Orangetheory Fitness,0345,"Downtown Jacksonville - Ortega, FL","4495 Roosevelt Blvd #318, Jacksonville, FL, 32210",Duval County,Official Florida studio,Basic,Basic,Standard advertised dues,69.0,Monthly,69.0,,,69.0,,Inactive,,Observed,Official Orangetheory studio page,https://www.orangetheory.com/en-us/locations/jacksonville-florida-0345,https://www.orangetheory.com/en-us/locations/jacksonville-florida-0345,2026-09-01T01:59:02.586924+00:00,Prices are studio-specific and plan-specific; standard price retained even when a first-month promotion is active.
Orangetheory Fitness,0712,"Downtown Dadeland, FL","9045 SW 72nd Pl Suite E150C, Miami, FL, 33156",Miami-Dade County,Official Florida studio,Premier,Premier,Standard advertised dues,179.0,Monthly,179.0,,,179.0,129.0,Active,"Jan 01, 2027",Observed,Official Orangetheory studio page,https://www.orangetheory.com/en-us/locations/miami-florida-0712,https://www.orangetheory.com/en-us/locations/miami-florida-0712,2026-09-01T01:59:02.586924+00:00,Prices are studio-specific and plan-specific; standard price retained even when a first-month promotion is active.
Orangetheory Fitness,0712,"Downtown Dadeland, FL","9045 SW 72nd Pl Suite E150C, Miami, FL, 33156",Miami-Dade County,Official Florida studio,Elite,Elite,Standard advertised dues,119.0,Monthly,119.0,,,119.0,,Inactive,,Observed,Official Orangetheory studio page,https://www.orangetheory.com/en-us/locations/miami-florida-0712,https://www.orangetheory.com/en-us/locations/miami-florida-0712,2026-09-01T01:59:02.586924+00:00,Prices are studio-specific and plan-specific; standard price retained even when a first-month promotion is active.
Orangetheory Fitness,0712,"Downtown Dadeland, FL","9045 SW 72nd Pl Suite E150C, Miami, FL, 33156",Miami-Dade County,Official Florida studio,Basic,Basic,Standard advertised dues,79.0,Monthly,79.0,,,79.0,,Inactive,,Observed,Official Orangetheory studio page,https://www.orangetheory.com/en-us/locations/miami-florida-0712,https://www.orangetheory.com/en-us/locations/miami-florida-0712,2026-09-01T01:59:02.586924+00:00,Prices are studio-specific and plan-specific; standard price retained even when a first-month promotion is active.
Orangetheory Fitness,39,"Doral, FL","5875 NW 105th Ct #106, Doral, FL, 33178",Miami-Dade County,Official Florida studio,Premier,Premier,Standard advertised dues,179.0,Monthly,179.0,,,179.0,129.0,Active,"Jan 01, 2027",Observed,Official Orangetheory studio page,https://www.orangetheory.com/en-us/locations/doral-florida-0039,https://www.orangetheory.com/en-us/locations/doral-florida-0039,2026-09-01T01:59:02.586924+00:00,Prices are studio-specific and plan-specific; standard price retained even when a first-month promotion is active.
Orangetheory Fitness,39,"Doral, FL","5875 NW 105th Ct #106, Doral, FL, 33178",Miami-Dade County,Official Florida studio,Elite,Elite,Standard advertised dues,119.0,Monthly,119.0,,,119.0,,Inactive,,Observed,Official Orangetheory studio page,https://www.orangetheory.com/en-us/locations/doral-florida-0039,https://www.orangetheory.com/en-us/locations/doral-florida-0039,2026-09-01T01:59:02.586924+00:00,Prices are studio-specific and plan-specific; standard price retained even when a first-month promotion is active.
Orangetheory Fitness,39,"Doral, FL","5875 NW 105th Ct #106, Doral, FL, 33178",Miami-Dade County,Official Florida studio,Basic,Basic,Standard advertised dues,79.0,Monthly,79.0,,,79.0,,Inactive,,Observed,Official Orangetheory studio page,https://www.orangetheory.com/en-us/locations/doral-florida-0039,https://www.orangetheory.com/en-us/locations/doral-florida-0039,2026-09-01T01:59:02.586924+00:00,Prices are studio-specific and plan-specific; standard price retained even when a first-month promotion is active.
Orangetheory Fitness,1085,"Destin, FL","4495 Furling Ln Suite 140, Destin, FL, 32541",Okaloosa County,Official Florida studio,Premier,Premier,Standard advertised dues,169.0,Monthly,169.0,,,169.0,119.0,Active,"Jan 01, 2027",Observed,Official Orangetheory studio page,https://www.orangetheory.com/en-us/locations/destin-florida-1085,https://www.orangetheory.com/en-us/locations/destin-florida-1085,2026-09-01T01:59:02.586924+00:00,Prices are studio-specific and plan-specific; standard price retained even when a first-month promotion is active.
Orangetheory Fitness,1085,"Destin, FL","4495 Furling Ln Suite 140, Destin, FL, 32541",Okaloosa County,Official Florida studio,Elite,Elite,Standard advertised dues,109.0,Monthly,109.0,,,109.0,,Inactive,,Observed,Official Orangetheory studio page,https://www.orangetheory.com/en-us/locations/destin-florida-1085,https://www.orangetheory.com/en-us/locations/destin-florida-1085,2026-09-01T01:59:02.586924+00:00,Prices are studio-specific and plan-specific; standard price retained even when a first-month promotion is active.
Orangetheory Fitness,1085,"Destin, FL","4495 Furling Ln Suite 140, Destin, FL, 32541",Okaloosa County,Official Florida studio,Basic,Basic,Standard advertised dues,69.0,Monthly,69.0,,,69.0,,Inactive,,Observed,Official Orangetheory studio page,https://www.orangetheory.com/en-us/locations/destin-florida-1085,https://www.orangetheory.com/en-us/locations/destin-florida-1085,2026-09-01T01:59:02.586924+00:00,Prices are studio-specific and plan-specific; standard price retained even when a first-month promotion is active.
Orangetheory Fitness,1333,"Delray Beach North, FL","264 SE 5th Ave, Delray Beach, FL, 33483",Palm Beach County,Official Florida studio,Premier,Premier,Standard advertised dues,159.0,Monthly,159.0,,,159.0,109.0,Active,"Jan 01, 2027",Observed,Official Orangetheory studio page,https://www.orangetheory.com/en-us/locations/delray-beach-florida-1333,https://www.orangetheory.com/en-us/locations/delray-beach-florida-1333,2026-09-01T01:59:02.586924+00:00,Prices are studio-specific and plan-specific; standard price retained even when a first-month promotion is active.
Orangetheory Fitness,1333,"Delray Beach North, FL","264 SE 5th Ave, Delray Beach, FL, 33483",Palm Beach County,Official Florida studio,Elite,Elite,Standard advertised dues,99.0,Monthly,99.0,,,99.0,,Inactive,,Observed,Official Orangetheory studio page,https://www.orangetheory.com/en-us/locations/delray-beach-florida-1333,https://www.orangetheory.com/en-us/locations/delray-beach-florida-1333,2026-09-01T01:59:02.586924+00:00,Prices are studio-specific and plan-specific; standard price retained even when a first-month promotion is active.
Orangetheory Fitness,1333,"Delray Beach North, FL","264 SE 5th Ave, Delray Beach, FL, 33483",Palm Beach County,Official Florida studio,Basic,Basic,Standard advertised dues,59.0,Monthly,59.0,,,59.0,,Inactive,,Observed,Official Orangetheory studio page,https://www.orangetheory.com/en-us/locations/delray-beach-florida-1333,https://www.orangetheory.com/en-us/locations/delray-beach-florida-1333,2026-09-01T01:59:02.586924+00:00,Prices are studio-specific and plan-specific; standard price retained even when a first-month promotion is active.
Orangetheory Fitness,0698,"Delray Beach - West, FL","9097 W Atlantic Ave #110, Delray Beach, FL, 33446",Palm Beach County,Official Florida studio,Premier,Premier,Standard advertised dues,179.0,Monthly,179.0,,,179.0,129.0,Active,"Jan 01, 2027",Observed,Official Orangetheory studio page,https://www.orangetheory.com/en-us/locations/delray-beach-florida-0698,https://www.orangetheory.com/en-us/locations/delray-beach-florida-0698,2026-09-01T01:59:02.586924+00:00,Prices are studio-specific and plan-specific; standard price retained even when a first-month promotion is active.
Orangetheory Fitness,0698,"Delray Beach - West, FL","9097 W Atlantic Ave #110, Delray Beach, FL, 33446",Palm Beach County,Official Florida studio,Elite,Elite,Standard advertised dues,119.0,Monthly,119.0,,,119.0,,Inactive,,Observed,Official Orangetheory studio page,https://www.orangetheory.com/en-us/locations/delray-beach-florida-0698,https://www.orangetheory.com/en-us/locations/delray-beach-florida-0698,2026-09-01T01:59:02.586924+00:00,Prices are studio-specific and plan-specific; standard price retained even when a first-month promotion is active.
Orangetheory Fitness,0698,"Delray Beach - West, FL","9097 W Atlantic Ave #110, Delray Beach, FL, 33446",Palm Beach County,Official Florida studio,Basic,Basic,Standard advertised dues,79.0,Monthly,79.0,,,79.0,,Inactive,,Observed,Official Orangetheory studio page,https://www.orangetheory.com/en-us/locations/delray-beach-florida-0698,https://www.orangetheory.com/en-us/locations/delray-beach-florida-0698,2026-09-01T01:59:02.586924+00:00,Prices are studio-specific and plan-specific; standard price retained even when a first-month promotion is active.
Orangetheory Fitness,1413,"DeLand, FL","2365 S Woodland Blvd, DeLand, FL, 32720",Volusia County,Official Florida studio,Premier,Premier,Standard advertised dues,159.0,Monthly,159.0,,,159.0,109.0,Active,"Jan 01, 2027",Observed,Official Orangetheory studio page,https://www.orangetheory.com/en-us/locations/deland-florida-1413,https://www.orangetheory.com/en-us/locations/deland-florida-1413,2026-09-01T01:59:02.586924+00:00,Prices are studio-specific and plan-specific; standard price retained even when a first-month promotion is active.
Orangetheory Fitness,1413,"DeLand, FL","2365 S Woodland Blvd, DeLand, FL, 32720",Volusia County,Official Florida studio,Elite,Elite,Standard advertised dues,99.0,Monthly,99.0,,,99.0,,Inactive,,Observed,Official Orangetheory studio page,https://www.orangetheory.com/en-us/locations/deland-florida-1413,https://www.orangetheory.com/en-us/locations/deland-florida-1413,2026-09-01T01:59:02.586924+00:00,Prices are studio-specific and plan-specific; standard price retained even when a first-month promotion is active.
Orangetheory Fitness,1413,"DeLand, FL","2365 S Woodland Blvd, DeLand, FL, 32720",Volusia County,Official Florida studio,Basic,Basic,Standard advertised dues,59.0,Monthly,59.0,,,59.0,,Inactive,,Observed,Official Orangetheory studio page,https://www.orangetheory.com/en-us/locations/deland-florida-1413,https://www.orangetheory.com/en-us/locations/deland-florida-1413,2026-09-01T01:59:02.586924+00:00,Prices are studio-specific and plan-specific; standard price retained even when a first-month promotion is active.
Orangetheory Fitness,337,"Cutler Bay, FL","18455 S Dixie Hwy, Cutler Bay, FL, 33157",Miami-Dade County,Official Florida studio,Premier,Premier,Standard advertised dues,169.0,Monthly,169.0,,,169.0,119.0,Active,"Jan 01, 2027",Observed,Official Orangetheory studio page,https://www.orangetheory.com/en-us/locations/cutler-bay-florida-0337,https://www.orangetheory.com/en-us/locations/cutler-bay-florida-0337,2026-09-01T01:59:02.586924+00:00,Prices are studio-specific and plan-specific; standard price retained even when a first-month promotion is active.
Orangetheory Fitness,337,"Cutler Bay, FL","18455 S Dixie Hwy, Cutler Bay, FL, 33157",Miami-Dade County,Official Florida studio,Elite,Elite,Standard advertised dues,109.0,Monthly,109.0,,,109.0,,Inactive,,Observed,Official Orangetheory studio page,https://www.orangetheory.com/en-us/locations/cutler-bay-florida-0337,https://www.orangetheory.com/en-us/locations/cutler-bay-florida-0337,2026-09-01T01:59:02.586924+00:00,Prices are studio-specific and plan-specific; standard price retained even when a first-month promotion is active.
Orangetheory Fitness,337,"Cutler Bay, FL","18455 S Dixie Hwy, Cutler Bay, FL, 33157",Miami-Dade County,Official Florida studio,Basic,Basic,Standard advertised dues,69.0,Monthly,69.0,,,69.0,,Inactive,,Observed,Official Orangetheory studio page,https://www.orangetheory.com/en-us/locations/cutler-bay-florida-0337,https://www.orangetheory.com/en-us/locations/cutler-bay-florida-0337,2026-09-01T01:59:02.586924+00:00,Prices are studio-specific and plan-specific; standard price retained even when a first-month promotion is active.
Orangetheory Fitness,324,"Country Walk, FL","13550 SW 120th St #402, Miami, FL, 33186",Miami-Dade County,Official Florida studio,Premier,Premier,Standard advertised dues,179.0,Monthly,179.0,,,179.0,129.0,Active,"Jan 01, 2027",Observed,Official Orangetheory studio page,https://www.orangetheory.com/en-us/locations/miami-florida-0324,https://www.orangetheory.com/en-us/locations/miami-florida-0324,2026-09-01T01:59:02.586924+00:00,Prices are studio-specific and plan-specific; standard price retained even when a first-month promotion is active.
Orangetheory Fitness,324,"Country Walk, FL","13550 SW 120th St #402, Miami, FL, 33186",Miami-Dade County,Official Florida studio,Elite,Elite,Standard advertised dues,119.0,Monthly,119.0,,,119.0,,Inactive,,Observed,Official Orangetheory studio page,https://www.orangetheory.com/en-us/locations/miami-florida-0324,https://www.orangetheory.com/en-us/locations/miami-florida-0324,2026-09-01T01:59:02.586924+00:00,Prices are studio-specific and plan-specific; standard price retained even when a first-month promotion is active.
Orangetheory Fitness,324,"Country Walk, FL","13550 SW 120th St #402, Miami, FL, 33186",Miami-Dade County,Official Florida studio,Basic,Basic,Standard advertised dues,79.0,Monthly,79.0,,,79.0,,Inactive,,Observed,Official Orangetheory studio page,https://www.orangetheory.com/en-us/locations/miami-florida-0324,https://www.orangetheory.com/en-us/locations/miami-florida-0324,2026-09-01T01:59:02.586924+00:00,Prices are studio-specific and plan-specific; standard price retained even when a first-month promotion is active.
Orangetheory Fitness,0077,"Coral Gables, FL","2300 Salzedo St, Coral Gables, FL, 33134",Miami-Dade County,Official Florida studio,Premier,Premier,Standard advertised dues,179.0,Monthly,179.0,,,179.0,129.0,Active,"Jan 01, 2027",Observed,Official Orangetheory studio page,https://www.orangetheory.com/en-us/locations/coral-gables-florida-0077,https://www.orangetheory.com/en-us/locations/coral-gables-florida-0077,2026-09-01T01:59:02.586924+00:00,Prices are studio-specific and plan-specific; standard price retained even when a first-month promotion is active.
Orangetheory Fitness,0077,"Coral Gables, FL","2300 Salzedo St, Coral Gables, FL, 33134",Miami-Dade County,Official Florida studio,Elite,Elite,Standard advertised dues,119.0,Monthly,119.0,,,119.0,,Inactive,,Observed,Official Orangetheory studio page,https://www.orangetheory.com/en-us/locations/coral-gables-florida-0077,https://www.orangetheory.com/en-us/locations/coral-gables-florida-0077,2026-09-01T01:59:02.586924+00:00,Prices are studio-specific and plan-specific; standard price retained even when a first-month promotion is active.
Orangetheory Fitness,0077,"Coral Gables, FL","2300 Salzedo St, Coral Gables, FL, 33134",Miami-Dade County,Official Florida studio,Basic,Basic,Standard advertised dues,79.0,Monthly,79.0,,,79.0,,Inactive,,Observed,Official Orangetheory studio page,https://www.orangetheory.com/en-us/locations/coral-gables-florida-0077,https://www.orangetheory.com/en-us/locations/coral-gables-florida-0077,2026-09-01T01:59:02.586924+00:00,Prices are studio-specific and plan-specific; standard price retained even when a first-month promotion is active.
Orangetheory Fitness,0172,"Cooper City, FL","5874 S Flamingo Rd, Cooper City, FL, 33330",Broward County,Official Florida studio,Premier,Premier,Standard advertised dues,179.0,Monthly,179.0,,,179.0,129.0,Active,"Jan 01, 2027",Observed,Official Orangetheory studio page,https://www.orangetheory.com/en-us/locations/cooper-city-florida-0172,https://www.orangetheory.com/en-us/locations/cooper-city-florida-0172,2026-09-01T01:59:02.586924+00:00,Prices are studio-specific and plan-specific; standard price retained even when a first-month promotion is active.
Orangetheory Fitness,0172,"Cooper City, FL","5874 S Flamingo Rd, Cooper City, FL, 33330",Broward County,Official Florida studio,Elite,Elite,Standard advertised dues,119.0,Monthly,119.0,,,119.0,,Inactive,,Observed,Official Orangetheory studio page,https://www.orangetheory.com/en-us/locations/cooper-city-florida-0172,https://www.orangetheory.com/en-us/locations/cooper-city-florida-0172,2026-09-01T01:59:02.586924+00:00,Prices are studio-specific and plan-specific; standard price retained even when a first-month promotion is active.
Orangetheory Fitness,0172,"Cooper City, FL","5874 S Flamingo Rd, Cooper City, FL, 33330",Broward County,Official Florida studio,Basic,Basic,Standard advertised dues,79.0,Monthly,79.0,,,79.0,,Inactive,,Observed,Official Orangetheory studio page,https://www.orangetheory.com/en-us/locations/cooper-city-florida-0172,https://www.orangetheory.com/en-us/locations/cooper-city-florida-0172,2026-09-01T01:59:02.586924+00:00,Prices are studio-specific and plan-specific; standard price retained even when a first-month promotion is active.
Orangetheory Fitness,286,"Coconut Creek, FL","4449 Lyons Rd J - 103, Coconut Creek, FL, 33073",Broward County,Official Florida studio,Premier,Premier,Standard advertised dues,179.0,Monthly,179.0,,,179.0,129.0,Active,"Jan 01, 2027",Observed,Official Orangetheory studio page,https://www.orangetheory.com/en-us/locations/coconut-creek-florida-0286,https://www.orangetheory.com/en-us/locations/coconut-creek-florida-0286,2026-09-01T01:59:02.586924+00:00,Prices are studio-specific and plan-specific; standard price retained even when a first-month promotion is active.
Orangetheory Fitness,286,"Coconut Creek, FL","4449 Lyons Rd J - 103, Coconut Creek, FL, 33073",Broward County,Official Florida studio,Elite,Elite,Standard advertised dues,119.0,Monthly,119.0,,,119.0,,Inactive,,Observed,Official Orangetheory studio page,https://www.orangetheory.com/en-us/locations/coconut-creek-florida-0286,https://www.orangetheory.com/en-us/locations/coconut-creek-florida-0286,2026-09-01T01:59:02.586924+00:00,Prices are studio-specific and plan-specific; standard price retained even when a first-month promotion is active.
Orangetheory Fitness,286,"Coconut Creek, FL","4449 Lyons Rd J - 103, Coconut Creek, FL, 33073",Broward County,Official Florida studio,Basic,Basic,Standard advertised dues,79.0,Monthly,79.0,,,79.0,,Inactive,,Observed,Official Orangetheory studio page,https://www.orangetheory.com/en-us/locations/coconut-creek-florida-0286,https://www.orangetheory.com/en-us/locations/coconut-creek-florida-0286,2026-09-01T01:59:02.586924+00:00,Prices are studio-specific and plan-specific; standard price retained even when a first-month promotion is active.
Orangetheory Fitness,0599,"Clermont, FL","13900 County Rd 455, Clermont, FL, 34711",Lake County,Official Florida studio,Premier,Premier,Standard advertised dues,159.0,Monthly,159.0,,,159.0,109.0,Active,"Jan 01, 2027",Observed,Official Orangetheory studio page,https://www.orangetheory.com/en-us/locations/clermont-florida-0599,https://www.orangetheory.com/en-us/locations/clermont-florida-0599,2026-09-01T01:59:02.586924+00:00,Prices are studio-specific and plan-specific; standard price retained even when a first-month promotion is active.
Orangetheory Fitness,0599,"Clermont, FL","13900 County Rd 455, Clermont, FL, 34711",Lake County,Official Florida studio,Elite,Elite,Standard advertised dues,99.0,Monthly,99.0,,,99.0,,Inactive,,Observed,Official Orangetheory studio page,https://www.orangetheory.com/en-us/locations/clermont-florida-0599,https://www.orangetheory.com/en-us/locations/clermont-florida-0599,2026-09-01T01:59:02.586924+00:00,Prices are studio-specific and plan-specific; standard price retained even when a first-month promotion is active.
Orangetheory Fitness,0599,"Clermont, FL","13900 County Rd 455, Clermont, FL, 34711",Lake County,Official Florida studio,Basic,Basic,Standard advertised dues,59.0,Monthly,59.0,,,59.0,,Inactive,,Observed,Official Orangetheory studio page,https://www.orangetheory.com/en-us/locations/clermont-florida-0599,https://www.orangetheory.com/en-us/locations/clermont-florida-0599,2026-09-01T01:59:02.586924+00:00,Prices are studio-specific and plan-specific; standard price retained even when a first-month promotion is active.
Orangetheory Fitness,0134,"Clearwater , FL","25853 US Hwy 19 N, Clearwater, FL, 33763",Pinellas County,Official Florida studio,Premier,Premier,Standard advertised dues,179.0,Monthly,179.0,,,179.0,129.0,Active,"Jan 01, 2027",Observed,Official Orangetheory studio page,https://www.orangetheory.com/en-us/locations/clearwater-florida-0134,https://www.orangetheory.com/en-us/locations/clearwater-florida-0134,2026-09-01T01:59:02.586924+00:00,Prices are studio-specific and plan-specific; standard price retained even when a first-month promotion is active.
Orangetheory Fitness,0134,"Clearwater , FL","25853 US Hwy 19 N, Clearwater, FL, 33763",Pinellas County,Official Florida studio,Elite,Elite,Standard advertised dues,119.0,Monthly,119.0,,,119.0,,Inactive,,Observed,Official Orangetheory studio page,https://www.orangetheory.com/en-us/locations/clearwater-florida-0134,https://www.orangetheory.com/en-us/locations/clearwater-florida-0134,2026-09-01T01:59:02.586924+00:00,Prices are studio-specific and plan-specific; standard price retained even when a first-month promotion is active.
Orangetheory Fitness,0134,"Clearwater , FL","25853 US Hwy 19 N, Clearwater, FL, 33763",Pinellas County,Official Florida studio,Basic,Basic,Standard advertised dues,79.0,Monthly,79.0,,,79.0,,Inactive,,Observed,Official Orangetheory studio page,https://www.orangetheory.com/en-us/locations/clearwater-florida-0134,https://www.orangetheory.com/en-us/locations/clearwater-florida-0134,2026-09-01T01:59:02.586924+00:00,Prices are studio-specific and plan-specific; standard price retained even when a first-month promotion is active.
Orangetheory Fitness,0373,"Central Fort Lauderdale, FL","2354 N Federal Hwy, Ft. Lauderdale, FL, 33305",Broward County,Official Florida studio,Premier,Premier,Standard advertised dues,179.0,Monthly,179.0,,,179.0,129.0,Active,"Jan 01, 2027",Observed,Official Orangetheory studio page,https://www.orangetheory.com/en-us/locations/ft-lauderdale-florida-0373,https://www.orangetheory.com/en-us/locations/ft-lauderdale-florida-0373,2026-09-01T01:59:02.586924+00:00,Prices are studio-specific and plan-specific; standard price retained even when a first-month promotion is active.
Orangetheory Fitness,0373,"Central Fort Lauderdale, FL","2354 N Federal Hwy, Ft. Lauderdale, FL, 33305",Broward County,Official Florida studio,Elite,Elite,Standard advertised dues,119.0,Monthly,119.0,,,119.0,,Inactive,,Observed,Official Orangetheory studio page,https://www.orangetheory.com/en-us/locations/ft-lauderdale-florida-0373,https://www.orangetheory.com/en-us/locations/ft-lauderdale-florida-0373,2026-09-01T01:59:02.586924+00:00,Prices are studio-specific and plan-specific; standard price retained even when a first-month promotion is active.
Orangetheory Fitness,0373,"Central Fort Lauderdale, FL","2354 N Federal Hwy, Ft. Lauderdale, FL, 33305",Broward County,Official Florida studio,Basic,Basic,Standard advertised dues,79.0,Monthly,79.0,,,79.0,,Inactive,,Observed,Official Orangetheory studio page,https://www.orangetheory.com/en-us/locations/ft-lauderdale-florida-0373,https://www.orangetheory.com/en-us/locations/ft-lauderdale-florida-0373,2026-09-01T01:59:02.586924+00:00,Prices are studio-specific and plan-specific; standard price retained even when a first-month promotion is active.
Orangetheory Fitness,0598,"Celebration, FL","49 Blake Blvd, Celebration, FL, 34747",Osceola County,Official Florida studio,Premier,Premier,Standard advertised dues,159.0,Monthly,159.0,,,159.0,109.0,Active,"Jan 01, 2027",Observed,Official Orangetheory studio page,https://www.orangetheory.com/en-us/locations/celebration-florida-0598,https://www.orangetheory.com/en-us/locations/celebration-florida-0598,2026-09-01T01:59:02.586924+00:00,Prices are studio-specific and plan-specific; standard price retained even when a first-month promotion is active.
Orangetheory Fitness,0598,"Celebration, FL","49 Blake Blvd, Celebration, FL, 34747",Osceola County,Official Florida studio,Elite,Elite,Standard advertised dues,99.0,Monthly,99.0,,,99.0,,Inactive,,Observed,Official Orangetheory studio page,https://www.orangetheory.com/en-us/locations/celebration-florida-0598,https://www.orangetheory.com/en-us/locations/celebration-florida-0598,2026-09-01T01:59:02.586924+00:00,Prices are studio-specific and plan-specific; standard price retained even when a first-month promotion is active.
Orangetheory Fitness,0598,"Celebration, FL","49 Blake Blvd, Celebration, FL, 34747",Osceola County,Official Florida studio,Basic,Basic,Standard advertised dues,59.0,Monthly,59.0,,,59.0,,Inactive,,Observed,Official Orangetheory studio page,https://www.orangetheory.com/en-us/locations/celebration-florida-0598,https://www.orangetheory.com/en-us/locations/celebration-florida-0598,2026-09-01T01:59:02.586924+00:00,Prices are studio-specific and plan-specific; standard price retained even when a first-month promotion is active.
Orangetheory Fitness,203,"Carrollwood, FL","13122 N Dale Mabry Hwy, Tampa, FL, 33618",Hillsborough County,Official Florida studio,Premier,Premier,Standard advertised dues,179.0,Monthly,179.0,,,179.0,129.0,Active,"Jan 01, 2027",Observed,Official Orangetheory studio page,https://www.orangetheory.com/en-us/locations/tampa-florida-0203,https://www.orangetheory.com/en-us/locations/tampa-florida-0203,2026-09-01T01:59:02.586924+00:00,Prices are studio-specific and plan-specific; standard price retained even when a first-month promotion is active.
Orangetheory Fitness,203,"Carrollwood, FL","13122 N Dale Mabry Hwy, Tampa, FL, 33618",Hillsborough County,Official Florida studio,Elite,Elite,Standard advertised dues,119.0,Monthly,119.0,,,119.0,,Inactive,,Observed,Official Orangetheory studio page,https://www.orangetheory.com/en-us/locations/tampa-florida-0203,https://www.orangetheory.com/en-us/locations/tampa-florida-0203,2026-09-01T01:59:02.586924+00:00,Prices are studio-specific and plan-specific; standard price retained even when a first-month promotion is active.
Orangetheory Fitness,203,"Carrollwood, FL","13122 N Dale Mabry Hwy, Tampa, FL, 33618",Hillsborough County,Official Florida studio,Basic,Basic,Standard advertised dues,79.0,Monthly,79.0,,,79.0,,Inactive,,Observed,Official Orangetheory studio page,https://www.orangetheory.com/en-us/locations/tampa-florida-0203,https://www.orangetheory.com/en-us/locations/tampa-florida-0203,2026-09-01T01:59:02.586924+00:00,Prices are studio-specific and plan-specific; standard price retained even when a first-month promotion is active.
Orangetheory Fitness,0284,Cape Coral-Santa Barbara,"2311 Santa Barbara Blvd, Cape Coral, FL, 33991",Lee County,Official Florida studio,Premier,Premier,Standard advertised dues,179.0,Monthly,179.0,,,179.0,129.0,Active,"Jan 01, 2027",Observed,Official Orangetheory studio page,https://www.orangetheory.com/en-us/locations/cape-coral-florida-0284,https://www.orangetheory.com/en-us/locations/cape-coral-florida-0284,2026-09-01T01:59:02.586924+00:00,Prices are studio-specific and plan-specific; standard price retained even when a first-month promotion is active.
Orangetheory Fitness,0284,Cape Coral-Santa Barbara,"2311 Santa Barbara Blvd, Cape Coral, FL, 33991",Lee County,Official Florida studio,Elite,Elite,Standard advertised dues,119.0,Monthly,119.0,,,119.0,,Inactive,,Observed,Official Orangetheory studio page,https://www.orangetheory.com/en-us/locations/cape-coral-florida-0284,https://www.orangetheory.com/en-us/locations/cape-coral-florida-0284,2026-09-01T01:59:02.586924+00:00,Prices are studio-specific and plan-specific; standard price retained even when a first-month promotion is active.
Orangetheory Fitness,0284,Cape Coral-Santa Barbara,"2311 Santa Barbara Blvd, Cape Coral, FL, 33991",Lee County,Official Florida studio,Basic,Basic,Standard advertised dues,79.0,Monthly,79.0,,,79.0,,Inactive,,Observed,Official Orangetheory studio page,https://www.orangetheory.com/en-us/locations/cape-coral-florida-0284,https://www.orangetheory.com/en-us/locations/cape-coral-florida-0284,2026-09-01T01:59:02.586924+00:00,Prices are studio-specific and plan-specific; standard price retained even when a first-month promotion is active.
Orangetheory Fitness,0048,"Boynton Beach, FL","395 N Congress Ave Suite 10, Boynton Beach, FL, 33426",Palm Beach County,Official Florida studio,Premier,Premier,Standard advertised dues,159.0,Monthly,159.0,,,159.0,109.0,Active,"Jan 01, 2027",Observed,Official Orangetheory studio page,https://www.orangetheory.com/en-us/locations/boynton-beach-florida-0048,https://www.orangetheory.com/en-us/locations/boynton-beach-florida-0048,2026-09-01T01:59:02.586924+00:00,Prices are studio-specific and plan-specific; standard price retained even when a first-month promotion is active.
Orangetheory Fitness,0048,"Boynton Beach, FL","395 N Congress Ave Suite 10, Boynton Beach, FL, 33426",Palm Beach County,Official Florida studio,Elite,Elite,Standard advertised dues,99.0,Monthly,99.0,,,99.0,,Inactive,,Observed,Official Orangetheory studio page,https://www.orangetheory.com/en-us/locations/boynton-beach-florida-0048,https://www.orangetheory.com/en-us/locations/boynton-beach-florida-0048,2026-09-01T01:59:02.586924+00:00,Prices are studio-specific and plan-specific; standard price retained even when a first-month promotion is active.
Orangetheory Fitness,0048,"Boynton Beach, FL","395 N Congress Ave Suite 10, Boynton Beach, FL, 33426",Palm Beach County,Official Florida studio,Basic,Basic,Standard advertised dues,59.0,Monthly,59.0,,,59.0,,Inactive,,Observed,Official Orangetheory studio page,https://www.orangetheory.com/en-us/locations/boynton-beach-florida-0048,https://www.orangetheory.com/en-us/locations/boynton-beach-florida-0048,2026-09-01T01:59:02.586924+00:00,Prices are studio-specific and plan-specific; standard price retained even when a first-month promotion is active.
Orangetheory Fitness,0460,"Boca Raton - East, FL","10 E Palmetto Park Rd, Boca Raton, FL, 33432",Palm Beach County,Official Florida studio,Premier,Premier,Standard advertised dues,179.0,Monthly,179.0,,,179.0,129.0,Active,"Jan 01, 2027",Observed,Official Orangetheory studio page,https://www.orangetheory.com/en-us/locations/boca-raton-florida-0460,https://www.orangetheory.com/en-us/locations/boca-raton-florida-0460,2026-09-01T01:59:02.586924+00:00,Prices are studio-specific and plan-specific; standard price retained even when a first-month promotion is active.
Orangetheory Fitness,0460,"Boca Raton - East, FL","10 E Palmetto Park Rd, Boca Raton, FL, 33432",Palm Beach County,Official Florida studio,Elite,Elite,Standard advertised dues,119.0,Monthly,119.0,,,119.0,,Inactive,,Observed,Official Orangetheory studio page,https://www.orangetheory.com/en-us/locations/boca-raton-florida-0460,https://www.orangetheory.com/en-us/locations/boca-raton-florida-0460,2026-09-01T01:59:02.586924+00:00,Prices are studio-specific and plan-specific; standard price retained even when a first-month promotion is active.
Orangetheory Fitness,0460,"Boca Raton - East, FL","10 E Palmetto Park Rd, Boca Raton, FL, 33432",Palm Beach County,Official Florida studio,Basic,Basic,Standard advertised dues,79.0,Monthly,79.0,,,79.0,,Inactive,,Observed,Official Orangetheory studio page,https://www.orangetheory.com/en-us/locations/boca-raton-florida-0460,https://www.orangetheory.com/en-us/locations/boca-raton-florida-0460,2026-09-01T01:59:02.586924+00:00,Prices are studio-specific and plan-specific; standard price retained even when a first-month promotion is active.
Orangetheory Fitness,0098,"Boca Raton - West, FL","8903 Glades Rd H13, Boca Raton, FL, 33434",Palm Beach County,Official Florida studio,Premier,Premier,Standard advertised dues,179.0,Monthly,179.0,,,179.0,129.0,Active,"Jan 01, 2027",Observed,Official Orangetheory studio page,https://www.orangetheory.com/en-us/locations/boca-raton-florida-0098,https://www.orangetheory.com/en-us/locations/boca-raton-florida-0098,2026-09-01T01:59:02.586924+00:00,Prices are studio-specific and plan-specific; standard price retained even when a first-month promotion is active.
Orangetheory Fitness,0098,"Boca Raton - West, FL","8903 Glades Rd H13, Boca Raton, FL, 33434",Palm Beach County,Official Florida studio,Elite,Elite,Standard advertised dues,119.0,Monthly,119.0,,,119.0,,Inactive,,Observed,Official Orangetheory studio page,https://www.orangetheory.com/en-us/locations/boca-raton-florida-0098,https://www.orangetheory.com/en-us/locations/boca-raton-florida-0098,2026-09-01T01:59:02.586924+00:00,Prices are studio-specific and plan-specific; standard price retained even when a first-month promotion is active.
Orangetheory Fitness,0098,"Boca Raton - West, FL","8903 Glades Rd H13, Boca Raton, FL, 33434",Palm Beach County,Official Florida studio,Basic,Basic,Standard advertised dues,79.0,Monthly,79.0,,,79.0,,Inactive,,Observed,Official Orangetheory studio page,https://www.orangetheory.com/en-us/locations/boca-raton-florida-0098,https://www.orangetheory.com/en-us/locations/boca-raton-florida-0098,2026-09-01T01:59:02.586924+00:00,Prices are studio-specific and plan-specific; standard price retained even when a first-month promotion is active.
Orangetheory Fitness,0011,"Boca Raton - Central, FL","5050 Town Center Cir Suite 205, Boca Raton, FL, 33486",Palm Beach County,Official Florida studio,Premier,Premier,Standard advertised dues,179.0,Monthly,179.0,,,179.0,129.0,Active,"Jan 01, 2027",Observed,Official Orangetheory studio page,https://www.orangetheory.com/en-us/locations/boca-raton-florida-0011,https://www.orangetheory.com/en-us/locations/boca-raton-florida-0011,2026-09-01T01:59:02.586924+00:00,Prices are studio-specific and plan-specific; standard price retained even when a first-month promotion is active.
Orangetheory Fitness,0011,"Boca Raton - Central, FL","5050 Town Center Cir Suite 205, Boca Raton, FL, 33486",Palm Beach County,Official Florida studio,Elite,Elite,Standard advertised dues,119.0,Monthly,119.0,,,119.0,,Inactive,,Observed,Official Orangetheory studio page,https://www.orangetheory.com/en-us/locations/boca-raton-florida-0011,https://www.orangetheory.com/en-us/locations/boca-raton-florida-0011,2026-09-01T01:59:02.586924+00:00,Prices are studio-specific and plan-specific; standard price retained even when a first-month promotion is active.
Orangetheory Fitness,0011,"Boca Raton - Central, FL","5050 Town Center Cir Suite 205, Boca Raton, FL, 33486",Palm Beach County,Official Florida studio,Basic,Basic,Standard advertised dues,79.0,Monthly,79.0,,,79.0,,Inactive,,Observed,Official Orangetheory studio page,https://www.orangetheory.com/en-us/locations/boca-raton-florida-0011,https://www.orangetheory.com/en-us/locations/boca-raton-florida-0011,2026-09-01T01:59:02.586924+00:00,Prices are studio-specific and plan-specific; standard price retained even when a first-month promotion is active.
Orangetheory Fitness,167,"Altamonte Springs, FL","397 E Altamonte Dr Suite 1450, Altamonte, FL, 32701",Seminole County,Official Florida studio,Premier,Premier,Standard advertised dues,159.0,Monthly,159.0,,,159.0,109.0,Active,"Jan 01, 2027",Observed,Official Orangetheory studio page,https://www.orangetheory.com/en-us/locations/altamonte-florida-0167,https://www.orangetheory.com/en-us/locations/altamonte-florida-0167,2026-09-01T01:59:02.586924+00:00,Prices are studio-specific and plan-specific; standard price retained even when a first-month promotion is active.
Orangetheory Fitness,167,"Altamonte Springs, FL","397 E Altamonte Dr Suite 1450, Altamonte, FL, 32701",Seminole County,Official Florida studio,Elite,Elite,Standard advertised dues,99.0,Monthly,99.0,,,99.0,,Inactive,,Observed,Official Orangetheory studio page,https://www.orangetheory.com/en-us/locations/altamonte-florida-0167,https://www.orangetheory.com/en-us/locations/altamonte-florida-0167,2026-09-01T01:59:02.586924+00:00,Prices are studio-specific and plan-specific; standard price retained even when a first-month promotion is active.
Orangetheory Fitness,167,"Altamonte Springs, FL","397 E Altamonte Dr Suite 1450, Altamonte, FL, 32701",Seminole County,Official Florida studio,Basic,Basic,Standard advertised dues,59.0,Monthly,59.0,,,59.0,,Inactive,,Observed,Official Orangetheory studio page,https://www.orangetheory.com/en-us/locations/altamonte-florida-0167,https://www.orangetheory.com/en-us/locations/altamonte-florida-0167,2026-09-01T01:59:02.586924+00:00,Prices are studio-specific and plan-specific; standard price retained even when a first-month promotion is active.
Orangetheory Fitness,0015,"Aventura, FL","18839 Biscayne Blvd Suite A, Aventura, FL, 33180",Miami-Dade County,Official Florida studio,Premier,Premier,Standard advertised dues,179.0,Monthly,179.0,,,179.0,129.0,Active,"Jan 01, 2027",Observed,Official Orangetheory studio page,https://www.orangetheory.com/en-us/locations/aventura-florida-0015,https://www.orangetheory.com/en-us/locations/aventura-florida-0015,2026-09-01T01:59:02.586924+00:00,Prices are studio-specific and plan-specific; standard price retained even when a first-month promotion is active.
Orangetheory Fitness,0015,"Aventura, FL","18839 Biscayne Blvd Suite A, Aventura, FL, 33180",Miami-Dade County,Official Florida studio,Elite,Elite,Standard advertised dues,119.0,Monthly,119.0,,,119.0,,Inactive,,Observed,Official Orangetheory studio page,https://www.orangetheory.com/en-us/locations/aventura-florida-0015,https://www.orangetheory.com/en-us/locations/aventura-florida-0015,2026-09-01T01:59:02.586924+00:00,Prices are studio-specific and plan-specific; standard price retained even when a first-month promotion is active.
Orangetheory Fitness,0015,"Aventura, FL","18839 Biscayne Blvd Suite A, Aventura, FL, 33180",Miami-Dade County,Official Florida studio,Basic,Basic,Standard advertised dues,79.0,Monthly,79.0,,,79.0,,Inactive,,Observed,Official Orangetheory studio page,https://www.orangetheory.com/en-us/locations/aventura-florida-0015,https://www.orangetheory.com/en-us/locations/aventura-florida-0015,2026-09-01T01:59:02.586924+00:00,Prices are studio-specific and plan-specific; standard price retained even when a first-month promotion is active.
Orangetheory Fitness,1378,"Amelia Island, FL","463867 FL 200, Yulee, FL, 32097",Nassau County,Official Florida studio,Premier,Premier,Standard advertised dues,169.0,Monthly,169.0,,,169.0,119.0,Active,"Jan 01, 2027",Observed,Official Orangetheory studio page,https://www.orangetheory.com/en-us/locations/yulee-florida-1378,https://www.orangetheory.com/en-us/locations/yulee-florida-1378,2026-09-01T01:59:02.586924+00:00,Prices are studio-specific and plan-specific; standard price retained even when a first-month promotion is active.
Orangetheory Fitness,1378,"Amelia Island, FL","463867 FL 200, Yulee, FL, 32097",Nassau County,Official Florida studio,Elite,Elite,Standard advertised dues,109.0,Monthly,109.0,,,109.0,,Inactive,,Observed,Official Orangetheory studio page,https://www.orangetheory.com/en-us/locations/yulee-florida-1378,https://www.orangetheory.com/en-us/locations/yulee-florida-1378,2026-09-01T01:59:02.586924+00:00,Prices are studio-specific and plan-specific; standard price retained even when a first-month promotion is active.
Orangetheory Fitness,1378,"Amelia Island, FL","463867 FL 200, Yulee, FL, 32097",Nassau County,Official Florida studio,Basic,Basic,Standard advertised dues,69.0,Monthly,69.0,,,69.0,,Inactive,,Observed,Official Orangetheory studio page,https://www.orangetheory.com/en-us/locations/yulee-florida-1378,https://www.orangetheory.com/en-us/locations/yulee-florida-1378,2026-09-01T01:59:02.586924+00:00,Prices are studio-specific and plan-specific; standard price retained even when a first-month promotion is active.
